Tanggal,Jam,Menit,Detik,Waktu,frekuensi,label
11/18/2025,9,32,10,09:32:10,82,Tahap-0
11/18/2025,9,32,10,09:32:10,-18,Tahap-0
11/18/2025,9,32,10,09:32:10,62,Tahap-0
11/18/2025,9,32,10,09:32:10,-30,Tahap-0
11/18/2025,9,32,10,09:32:10,-2,Tahap-0
11/18/2025,9,32,10,09:32:10,-2,Tahap-0
11/18/2025,9,32,10,09:32:10,20,Tahap-0
11/18/2025,9,32,10,09:32:10,-58,Tahap-0
11/18/2025,9,32,10,09:32:10,50,Tahap-0
11/18/2025,9,32,10,09:32:10,-94,Tahap-0
11/18/2025,9,32,10,09:32:10,84,Tahap-0
11/18/2025,9,32,10,09:32:10,-100,Tahap-0
11/18/2025,9,32,10,09:32:10,28,Tahap-0
11/18/2025,9,32,10,09:32:10,-76,Tahap-0
11/18/2025,9,32,10,09:32:10,34,Tahap-0
11/18/2025,9,32,10,09:32:10,-50,Tahap-0
11/18/2025,9,32,10,09:32:10,116,Tahap-0
11/18/2025,9,32,10,09:32:10,-124,Tahap-0
11/18/2025,9,32,10,09:32:10,66,Tahap-0
11/18/2025,9,32,10,09:32:10,-130,Tahap-0
11/18/2025,9,32,10,09:32:10,88,Tahap-0
11/18/2025,9,32,10,09:32:10,-80,Tahap-0
11/18/2025,9,32,10,09:32:10,54,Tahap-0
11/18/2025,9,32,10,09:32:10,-46,Tahap-0
11/18/2025,9,32,10,09:32:10,-30,Tahap-0
11/18/2025,9,32,10,09:32:10,-62,Tahap-0
11/18/2025,9,32,10,09:32:10,100,Tahap-0
11/18/2025,9,32,10,09:32:10,-110,Tahap-0
11/18/2025,9,32,10,09:32:10,50,Tahap-0
11/18/2025,9,32,11,09:32:11,-130,Tahap-0
11/18/2025,9,32,11,09:32:11,24,Tahap-0
11/18/2025,9,32,11,09:32:11,-82,Tahap-0
11/18/2025,9,32,11,09:32:11,32,Tahap-0
11/18/2025,9,32,11,09:32:11,-78,Tahap-0
11/18/2025,9,32,11,09:32:11,-60,Tahap-0
11/18/2025,9,32,11,09:32:11,-92,Tahap-0
11/18/2025,9,32,11,09:32:11,20,Tahap-0
11/18/2025,9,32,11,09:32:11,-118,Tahap-0
11/18/2025,9,32,11,09:32:11,-16,Tahap-0
11/18/2025,9,32,12,09:32:12,-94,Tahap-0
11/18/2025,9,32,12,09:32:12,-78,Tahap-0
11/18/2025,9,32,12,09:32:12,-34,Tahap-0
11/18/2025,9,32,12,09:32:12,-98,Tahap-0
11/18/2025,9,32,12,09:32:12,-64,Tahap-0
11/18/2025,9,32,12,09:32:12,-122,Tahap-0
11/18/2025,9,32,12,09:32:12,-118,Tahap-0
11/18/2025,9,32,12,09:32:12,-52,Tahap-0
11/18/2025,9,32,12,09:32:12,-86,Tahap-0
11/18/2025,9,32,12,09:32:12,-140,Tahap-0
11/18/2025,9,32,13,09:32:13,-76,Tahap-0
11/18/2025,9,32,13,09:32:13,-182,Tahap-0
11/18/2025,9,32,13,09:32:13,-2,Tahap-0
11/18/2025,9,32,13,09:32:13,-212,Tahap-0
11/18/2025,9,32,13,09:32:13,-22,Tahap-0
11/18/2025,9,32,13,09:32:13,-214,Tahap-0
11/18/2025,9,32,13,09:32:13,-114,Tahap-0
11/18/2025,9,32,13,09:32:13,-162,Tahap-0
11/18/2025,9,32,13,09:32:13,-14,Tahap-0
11/18/2025,9,32,13,09:32:13,-236,Tahap-0
11/18/2025,9,32,14,09:32:14,-66,Tahap-0
11/18/2025,9,32,14,09:32:14,-258,Tahap-0
11/18/2025,9,32,14,09:32:14,-58,Tahap-0
11/18/2025,9,32,14,09:32:14,-208,Tahap-0
11/18/2025,9,32,14,09:32:14,-76,Tahap-0
11/18/2025,9,32,14,09:32:14,-226,Tahap-0
11/18/2025,9,32,14,09:32:14,-126,Tahap-0
11/18/2025,9,32,14,09:32:14,-206,Tahap-0
11/18/2025,9,32,14,09:32:14,-96,Tahap-0
11/18/2025,9,32,14,09:32:14,-244,Tahap-0
11/18/2025,9,32,15,09:32:15,-74,Tahap-0
11/18/2025,9,32,15,09:32:15,-242,Tahap-0
11/18/2025,9,32,15,09:32:15,-78,Tahap-0
11/18/2025,9,32,15,09:32:15,-214,Tahap-0
11/18/2025,9,32,15,09:32:15,-110,Tahap-0
11/18/2025,9,32,15,09:32:15,-188,Tahap-0
11/18/2025,9,32,15,09:32:15,-122,Tahap-0
11/18/2025,9,32,15,09:32:15,-246,Tahap-0
11/18/2025,9,32,15,09:32:15,-34,Tahap-0
11/18/2025,9,32,15,09:32:15,-238,Tahap-0
11/18/2025,9,32,16,09:32:16,-98,Tahap-0
11/18/2025,9,32,16,09:32:16,-218,Tahap-0
11/18/2025,9,32,16,09:32:16,-104,Tahap-0
11/18/2025,9,32,16,09:32:16,-166,Tahap-0
11/18/2025,9,32,16,09:32:16,-136,Tahap-0
11/18/2025,9,32,16,09:32:16,-122,Tahap-0
11/18/2025,9,32,16,09:32:16,-186,Tahap-0
11/18/2025,9,32,16,09:32:16,-180,Tahap-0
11/18/2025,9,32,16,09:32:16,-72,Tahap-0
11/18/2025,9,32,16,09:32:16,-150,Tahap-0
11/18/2025,9,32,17,09:32:17,-174,Tahap-0
11/18/2025,9,32,17,09:32:17,-134,Tahap-0
11/18/2025,9,32,17,09:32:17,-224,Tahap-0
11/18/2025,9,32,17,09:32:17,-96,Tahap-0
11/18/2025,9,32,17,09:32:17,-186,Tahap-0
11/18/2025,9,32,17,09:32:17,-70,Tahap-0
11/18/2025,9,32,17,09:32:17,-232,Tahap-0
11/18/2025,9,32,17,09:32:17,-144,Tahap-0
11/18/2025,9,32,17,09:32:17,-146,Tahap-0
11/18/2025,9,32,17,09:32:17,-92,Tahap-0
11/18/2025,9,32,18,09:32:18,-226,Tahap-0
11/18/2025,9,32,18,09:32:18,-44,Tahap-0
11/18/2025,9,32,18,09:32:18,-238,Tahap-0
11/18/2025,9,32,18,09:32:18,-34,Tahap-0
11/18/2025,9,32,18,09:32:18,-208,Tahap-0
11/18/2025,9,32,18,09:32:18,-52,Tahap-0
11/18/2025,9,32,18,09:32:18,-168,Tahap-0
11/18/2025,9,32,18,09:32:18,-38,Tahap-0
11/18/2025,9,32,18,09:32:18,-182,Tahap-0
11/18/2025,9,32,18,09:32:18,30,Tahap-0
11/18/2025,9,32,19,09:32:19,-196,Tahap-0
11/18/2025,9,32,19,09:32:19,-14,Tahap-0
11/18/2025,9,32,19,09:32:19,-184,Tahap-0
11/18/2025,9,32,19,09:32:19,-8,Tahap-0
11/18/2025,9,32,19,09:32:19,-100,Tahap-0
11/18/2025,9,32,19,09:32:19,-54,Tahap-0
11/18/2025,9,32,19,09:32:19,-104,Tahap-0
11/18/2025,9,32,19,09:32:19,-110,Tahap-0
11/18/2025,9,32,19,09:32:19,-126,Tahap-0
11/18/2025,9,32,19,09:32:19,4,Tahap-0
11/18/2025,9,32,20,09:32:20,-138,Tahap-0
11/18/2025,9,32,20,09:32:20,-58,Tahap-0
11/18/2025,9,32,20,09:32:20,-146,Tahap-0
11/18/2025,9,32,20,09:32:20,-124,Tahap-0
11/18/2025,9,32,20,09:32:20,-92,Tahap-0
11/18/2025,9,32,44,09:32:44,4507,Tahap-0
11/18/2025,9,32,44,09:32:44,1252,Tahap-0
11/18/2025,9,32,45,09:32:45,456,Tahap-0
11/18/2025,9,32,45,09:32:45,1173,Tahap-0
11/18/2025,9,32,45,09:32:45,1421,Tahap-0
11/18/2025,9,32,45,09:32:45,455,Tahap-0
11/18/2025,9,32,45,09:32:45,181,Tahap-0
11/18/2025,9,32,45,09:32:45,199,Tahap-0
11/18/2025,9,32,45,09:32:45,286,Tahap-0
11/18/2025,9,32,45,09:32:45,246,Tahap-0
11/18/2025,9,32,45,09:32:45,24,Tahap-0
11/18/2025,9,32,45,09:32:45,403,Tahap-0
11/18/2025,9,32,46,09:32:46,182,Tahap-0
11/18/2025,9,32,46,09:32:46,140,Tahap-0
11/18/2025,9,32,46,09:32:46,211,Tahap-0
11/18/2025,9,32,46,09:32:46,296,Tahap-0
11/18/2025,9,32,46,09:32:46,178,Tahap-0
11/18/2025,9,32,46,09:32:46,123,Tahap-0
11/18/2025,9,32,46,09:32:46,13,Tahap-0
11/18/2025,9,32,46,09:32:46,45,Tahap-0
11/18/2025,9,32,46,09:32:46,128,Tahap-0
11/18/2025,9,32,46,09:32:46,69,Tahap-0
11/18/2025,9,32,47,09:32:47,67,Tahap-0
11/18/2025,9,32,47,09:32:47,72,Tahap-0
11/18/2025,9,32,47,09:32:47,122,Tahap-0
11/18/2025,9,32,47,09:32:47,78,Tahap-0
11/18/2025,9,32,47,09:32:47,102,Tahap-0
11/18/2025,9,32,47,09:32:47,173,Tahap-0
11/18/2025,9,32,47,09:32:47,66,Tahap-0
11/18/2025,9,32,47,09:32:47,75,Tahap-0
11/18/2025,9,32,47,09:32:47,11,Tahap-0
11/18/2025,9,32,47,09:32:47,87,Tahap-0
11/18/2025,9,32,48,09:32:48,73,Tahap-0
11/18/2025,9,32,48,09:32:48,53,Tahap-0
11/18/2025,9,32,48,09:32:48,40,Tahap-0
11/18/2025,9,32,48,09:32:48,87,Tahap-0
11/18/2025,9,32,48,09:32:48,85,Tahap-0
11/18/2025,9,32,48,09:32:48,107,Tahap-0
11/18/2025,9,32,48,09:32:48,150,Tahap-0
11/18/2025,9,32,48,09:32:48,154,Tahap-0
11/18/2025,9,32,48,09:32:48,114,Tahap-0
11/18/2025,9,32,48,09:32:48,564,Tahap-0
11/18/2025,9,32,49,09:32:49,220,Tahap-0
11/18/2025,9,32,49,09:32:49,76,Tahap-0
11/18/2025,9,32,49,09:32:49,58,Tahap-0
11/18/2025,9,32,49,09:32:49,81,Tahap-0
11/18/2025,9,32,49,09:32:49,141,Tahap-0
11/18/2025,9,32,49,09:32:49,7,Tahap-0
11/18/2025,9,32,49,09:32:49,183,Tahap-0
11/18/2025,9,32,49,09:32:49,785,Tahap-0
11/18/2025,9,32,49,09:32:49,475,Tahap-0
11/18/2025,9,32,49,09:32:49,35,Tahap-0
11/18/2025,9,32,50,09:32:50,72,Tahap-0
11/18/2025,9,32,50,09:32:50,143,Tahap-0
11/18/2025,9,32,50,09:32:50,189,Tahap-0
11/18/2025,9,32,50,09:32:50,121,Tahap-0
11/18/2025,9,32,50,09:32:50,58,Tahap-0
11/18/2025,9,32,50,09:32:50,20,Tahap-0
11/18/2025,9,32,50,09:32:50,64,Tahap-0
11/18/2025,9,32,50,09:32:50,115,Tahap-0
11/18/2025,9,32,50,09:32:50,132,Tahap-0
11/18/2025,9,32,50,09:32:50,98,Tahap-0
11/18/2025,9,32,51,09:32:51,124,Tahap-0
11/18/2025,9,32,51,09:32:51,64,Tahap-0
11/18/2025,9,32,51,09:32:51,79,Tahap-0
11/18/2025,9,32,51,09:32:51,90,Tahap-0
11/18/2025,9,32,51,09:32:51,141,Tahap-0
11/18/2025,9,32,51,09:32:51,153,Tahap-0
11/18/2025,9,32,51,09:32:51,131,Tahap-0
11/18/2025,9,32,51,09:32:51,180,Tahap-0
11/18/2025,9,32,51,09:32:51,54,Tahap-0
11/18/2025,9,32,51,09:32:51,121,Tahap-0
11/18/2025,9,32,52,09:32:52,101,Tahap-0
11/18/2025,9,32,52,09:32:52,170,Tahap-0
11/18/2025,9,32,52,09:32:52,308,Tahap-0
11/18/2025,9,32,52,09:32:52,798,Tahap-0
11/18/2025,9,32,52,09:32:52,367,Tahap-0
11/18/2025,9,32,52,09:32:52,466,Tahap-0
11/18/2025,9,32,52,09:32:52,280,Tahap-0
11/18/2025,9,32,52,09:32:52,18,Tahap-0
11/18/2025,9,32,52,09:32:52,133,Tahap-0
11/18/2025,9,32,52,09:32:52,333,Tahap-0
11/18/2025,9,32,53,09:32:53,511,Tahap-0
11/18/2025,9,32,53,09:32:53,252,Tahap-0
11/18/2025,9,32,53,09:32:53,138,Tahap-0
11/18/2025,9,32,53,09:32:53,154,Tahap-0
11/18/2025,9,32,53,09:32:53,135,Tahap-0
11/18/2025,9,32,53,09:32:53,228,Tahap-0
11/18/2025,9,32,53,09:32:53,196,Tahap-0
11/18/2025,9,32,53,09:32:53,66,Tahap-0
11/18/2025,9,32,53,09:32:53,140,Tahap-0
11/18/2025,9,32,53,09:32:53,157,Tahap-0
11/18/2025,9,32,54,09:32:54,114,Tahap-0
11/18/2025,9,32,54,09:32:54,135,Tahap-0
11/18/2025,9,32,54,09:32:54,187,Tahap-0
11/18/2025,9,32,54,09:32:54,158,Tahap-0
11/18/2025,9,32,54,09:32:54,140,Tahap-0
11/18/2025,9,32,54,09:32:54,309,Tahap-0
11/18/2025,9,32,54,09:32:54,382,Tahap-0
11/18/2025,9,32,54,09:32:54,754,Tahap-0
11/18/2025,9,32,54,09:32:54,1381,Tahap-0
11/18/2025,9,32,54,09:32:54,492,Tahap-0
11/18/2025,9,32,55,09:32:55,300,Tahap-0
11/18/2025,9,32,55,09:32:55,309,Tahap-0
11/18/2025,9,32,55,09:32:55,219,Tahap-0
11/18/2025,9,32,55,09:32:55,180,Tahap-0
11/18/2025,9,32,55,09:32:55,309,Tahap-0
11/18/2025,9,32,55,09:32:55,271,Tahap-0
11/18/2025,9,32,55,09:32:55,159,Tahap-0
11/18/2025,9,32,55,09:32:55,106,Tahap-0
11/18/2025,9,32,55,09:32:55,185,Tahap-0
11/18/2025,9,32,55,09:32:55,199,Tahap-0
11/18/2025,9,32,56,09:32:56,343,Tahap-0
11/18/2025,9,32,56,09:32:56,340,Tahap-0
11/18/2025,9,32,56,09:32:56,274,Tahap-0
11/18/2025,9,32,56,09:32:56,534,Tahap-0
11/18/2025,9,32,56,09:32:56,490,Tahap-0
11/18/2025,9,32,56,09:32:56,495,Tahap-0
11/18/2025,9,32,56,09:32:56,229,Tahap-0
11/18/2025,9,32,56,09:32:56,706,Tahap-0
11/18/2025,9,32,56,09:32:56,368,Tahap-0
11/18/2025,9,32,56,09:32:56,922,Tahap-0
11/18/2025,9,32,57,09:32:57,1088,Tahap-0
11/18/2025,9,32,57,09:32:57,501,Tahap-0
11/18/2025,9,32,57,09:32:57,1944,Tahap-0
11/18/2025,9,32,57,09:32:57,2187,Tahap-0
11/18/2025,9,32,57,09:32:57,533,Tahap-0
11/18/2025,9,32,57,09:32:57,68,Tahap-0
11/18/2025,9,32,57,09:32:57,324,Tahap-0
11/18/2025,9,32,57,09:32:57,40,Tahap-0
11/18/2025,9,32,57,09:32:57,424,Tahap-0
11/18/2025,9,32,57,09:32:57,100,Tahap-0
11/18/2025,9,32,58,09:32:58,296,Tahap-0
11/18/2025,9,32,58,09:32:58,140,Tahap-0
11/18/2025,9,32,58,09:32:58,204,Tahap-0
11/18/2025,9,32,58,09:32:58,124,Tahap-0
11/18/2025,9,32,58,09:32:58,388,Tahap-0
11/18/2025,9,32,58,09:32:58,92,Tahap-0
11/18/2025,9,32,58,09:32:58,360,Tahap-0
11/18/2025,9,32,58,09:32:58,44,Tahap-0
11/18/2025,9,32,58,09:32:58,320,Tahap-0
11/18/2025,9,32,58,09:32:58,92,Tahap-0
11/18/2025,9,32,59,09:32:59,256,Tahap-0
11/18/2025,9,32,59,09:32:59,88,Tahap-0
11/18/2025,9,32,59,09:32:59,132,Tahap-0
11/18/2025,9,32,59,09:32:59,48,Tahap-0
11/18/2025,9,32,59,09:32:59,264,Tahap-0
11/18/2025,9,32,59,09:32:59,-76,Tahap-0
11/18/2025,9,32,59,09:32:59,272,Tahap-0
11/18/2025,9,32,59,09:32:59,-96,Tahap-0
11/18/2025,9,32,59,09:32:59,204,Tahap-0
11/18/2025,9,32,59,09:32:59,-20,Tahap-0
11/18/2025,9,33,1,09:33:01,-44,Tahap-0
11/18/2025,9,33,1,09:33:01,164,Tahap-0
11/18/2025,9,33,1,09:33:01,-44,Tahap-0
11/18/2025,9,33,1,09:33:01,12,Tahap-0
11/18/2025,9,33,1,09:33:01,180,Tahap-0
11/18/2025,9,33,1,09:33:01,84,Tahap-0
11/18/2025,9,33,1,09:33:01,8,Tahap-0
11/18/2025,9,33,1,09:33:01,72,Tahap-0
11/18/2025,9,33,1,09:33:01,-24,Tahap-0
11/18/2025,9,33,1,09:33:01,128,Tahap-0
11/18/2025,9,33,2,09:33:02,60,Tahap-0
11/18/2025,9,33,2,09:33:02,252,Tahap-0
11/18/2025,9,33,2,09:33:02,-12,Tahap-0
11/18/2025,9,33,2,09:33:02,108,Tahap-0
11/18/2025,9,33,2,09:33:02,172,Tahap-0
11/18/2025,9,33,2,09:33:02,84,Tahap-0
11/18/2025,9,33,2,09:33:02,84,Tahap-0
11/18/2025,9,33,2,09:33:02,208,Tahap-0
11/18/2025,9,33,2,09:33:02,72,Tahap-0
11/18/2025,9,33,2,09:33:02,236,Tahap-0
11/18/2025,9,33,3,09:33:03,92,Tahap-0
11/18/2025,9,33,3,09:33:03,224,Tahap-0
11/18/2025,9,33,3,09:33:03,88,Tahap-0
11/18/2025,9,33,3,09:33:03,120,Tahap-0
11/18/2025,9,33,3,09:33:03,220,Tahap-0
11/18/2025,9,33,3,09:33:03,220,Tahap-0
11/18/2025,9,33,3,09:33:03,-20,Tahap-0
11/18/2025,9,33,3,09:33:03,160,Tahap-0
11/18/2025,9,33,3,09:33:03,-64,Tahap-0
11/18/2025,9,33,3,09:33:03,248,Tahap-0
11/18/2025,9,33,4,09:33:04,8,Tahap-0
11/18/2025,9,33,4,09:33:04,172,Tahap-0
11/18/2025,9,33,4,09:33:04,76,Tahap-0
11/18/2025,9,33,4,09:33:04,-60,Tahap-0
11/18/2025,9,33,4,09:33:04,60,Tahap-0
11/18/2025,9,33,4,09:33:04,160,Tahap-0
11/18/2025,9,33,4,09:33:04,-64,Tahap-0
11/18/2025,9,33,4,09:33:04,128,Tahap-0
11/18/2025,9,33,4,09:33:04,-88,Tahap-0
11/18/2025,9,33,4,09:33:04,84,Tahap-0
11/18/2025,9,33,5,09:33:05,16,Tahap-0
11/18/2025,9,33,5,09:33:05,72,Tahap-0
11/18/2025,9,33,5,09:33:05,64,Tahap-0
11/18/2025,9,33,5,09:33:05,-92,Tahap-0
11/18/2025,9,33,5,09:33:05,60,Tahap-0
11/18/2025,9,33,5,09:33:05,100,Tahap-0
11/18/2025,9,33,5,09:33:05,-76,Tahap-0
11/18/2025,9,33,5,09:33:05,88,Tahap-0
11/18/2025,9,33,5,09:33:05,8,Tahap-0
11/18/2025,9,33,5,09:33:05,64,Tahap-0
11/18/2025,9,33,6,09:33:06,52,Tahap-0
11/18/2025,9,33,6,09:33:06,24,Tahap-0
11/18/2025,9,33,6,09:33:06,-4,Tahap-0
11/18/2025,9,33,6,09:33:06,-92,Tahap-0
11/18/2025,9,33,6,09:33:06,4,Tahap-0
11/18/2025,9,33,6,09:33:06,4,Tahap-0
11/18/2025,9,33,6,09:33:06,-44,Tahap-0
11/18/2025,9,33,6,09:33:06,-116,Tahap-0
11/18/2025,9,33,6,09:33:06,-84,Tahap-0
11/18/2025,9,33,6,09:33:06,-92,Tahap-0
11/18/2025,9,33,7,09:33:07,80,Tahap-0
11/18/2025,9,33,7,09:33:07,-96,Tahap-0
11/18/2025,9,33,7,09:33:07,40,Tahap-0
11/18/2025,9,33,7,09:33:07,-96,Tahap-0
11/18/2025,9,33,7,09:33:07,-56,Tahap-0
11/18/2025,9,33,7,09:33:07,136,Tahap-0
11/18/2025,9,33,7,09:33:07,-64,Tahap-0
11/18/2025,9,33,7,09:33:07,64,Tahap-0
11/18/2025,9,33,7,09:33:07,-80,Tahap-0
11/18/2025,9,33,7,09:33:07,-32,Tahap-0
11/18/2025,9,33,8,09:33:08,-28,Tahap-0
11/18/2025,9,33,9,09:33:09,-16,Tahap-0
11/18/2025,9,33,9,09:33:09,20,Tahap-0
11/18/2025,9,33,9,09:33:09,-80,Tahap-0
11/18/2025,9,33,9,09:33:09,-100,Tahap-0
11/18/2025,9,33,9,09:33:09,96,Tahap-0
11/18/2025,9,33,9,09:33:09,-120,Tahap-0
11/18/2025,9,33,9,09:33:09,-40,Tahap-0
11/18/2025,9,33,9,09:33:09,-64,Tahap-0
11/18/2025,9,33,9,09:33:09,-8,Tahap-0
11/18/2025,9,33,9,09:33:09,-64,Tahap-0
11/18/2025,9,33,9,09:33:09,-24,Tahap-0
11/18/2025,9,33,9,09:33:09,-32,Tahap-0
11/18/2025,9,33,9,09:33:09,-120,Tahap-0
11/18/2025,9,33,9,09:33:09,-148,Tahap-0
11/18/2025,9,33,9,09:33:09,24,Tahap-0
11/18/2025,9,33,9,09:33:09,-124,Tahap-0
11/18/2025,9,33,9,09:33:09,-96,Tahap-0
11/18/2025,9,33,9,09:33:09,-192,Tahap-0
11/18/2025,9,33,9,09:33:09,-144,Tahap-0
11/18/2025,9,33,10,09:33:10,-92,Tahap-0
11/18/2025,9,33,10,09:33:10,-68,Tahap-0
11/18/2025,9,33,10,09:33:10,-184,Tahap-0
11/18/2025,9,33,10,09:33:10,-120,Tahap-0
11/18/2025,9,33,34,09:33:34,3499,Tahap-0
11/18/2025,9,33,34,09:33:34,2381,Tahap-0
11/18/2025,9,33,34,09:33:34,1623,Tahap-0
11/18/2025,9,33,35,09:33:35,860,Tahap-0
11/18/2025,9,33,35,09:33:35,935,Tahap-0
11/18/2025,9,33,35,09:33:35,919,Tahap-0
11/18/2025,9,33,35,09:33:35,684,Tahap-0
11/18/2025,9,33,35,09:33:35,596,Tahap-0
11/18/2025,9,33,35,09:33:35,521,Tahap-0
11/18/2025,9,33,35,09:33:35,623,Tahap-0
11/18/2025,9,33,35,09:33:35,228,Tahap-0
11/18/2025,9,33,35,09:33:35,482,Tahap-0
11/18/2025,9,33,35,09:33:35,497,Tahap-0
11/18/2025,9,33,36,09:33:36,184,Tahap-0
11/18/2025,9,33,36,09:33:36,291,Tahap-0
11/18/2025,9,33,36,09:33:36,305,Tahap-0
11/18/2025,9,33,36,09:33:36,129,Tahap-0
11/18/2025,9,33,36,09:33:36,167,Tahap-0
11/18/2025,9,33,36,09:33:36,195,Tahap-0
11/18/2025,9,33,36,09:33:36,173,Tahap-0
11/18/2025,9,33,36,09:33:36,149,Tahap-0
11/18/2025,9,33,36,09:33:36,113,Tahap-0
11/18/2025,9,33,36,09:33:36,295,Tahap-0
11/18/2025,9,33,37,09:33:37,398,Tahap-0
11/18/2025,9,33,37,09:33:37,307,Tahap-0
11/18/2025,9,33,37,09:33:37,132,Tahap-0
11/18/2025,9,33,37,09:33:37,184,Tahap-0
11/18/2025,9,33,37,09:33:37,206,Tahap-0
11/18/2025,9,33,37,09:33:37,133,Tahap-0
11/18/2025,9,33,37,09:33:37,170,Tahap-0
11/18/2025,9,33,37,09:33:37,124,Tahap-0
11/18/2025,9,33,37,09:33:37,50,Tahap-0
11/18/2025,9,33,37,09:33:37,176,Tahap-0
11/18/2025,9,33,39,09:33:39,182,Tahap-0
11/18/2025,9,33,39,09:33:39,118,Tahap-0
11/18/2025,9,33,39,09:33:39,191,Tahap-0
11/18/2025,9,33,39,09:33:39,58,Tahap-0
11/18/2025,9,33,39,09:33:39,44,Tahap-0
11/18/2025,9,33,39,09:33:39,241,Tahap-0
11/18/2025,9,33,39,09:33:39,232,Tahap-0
11/18/2025,9,33,39,09:33:39,211,Tahap-0
11/18/2025,9,33,39,09:33:39,600,Tahap-0
11/18/2025,9,33,39,09:33:39,222,Tahap-0
11/18/2025,9,33,39,09:33:39,156,Tahap-0
11/18/2025,9,33,39,09:33:39,189,Tahap-0
11/18/2025,9,33,39,09:33:39,85,Tahap-0
11/18/2025,9,33,39,09:33:39,111,Tahap-0
11/18/2025,9,33,39,09:33:39,270,Tahap-0
11/18/2025,9,33,39,09:33:39,457,Tahap-0
11/18/2025,9,33,39,09:33:39,494,Tahap-0
11/18/2025,9,33,39,09:33:39,750,Tahap-0
11/18/2025,9,33,39,09:33:39,93,Tahap-0
11/18/2025,9,33,39,09:33:39,196,Tahap-0
11/18/2025,9,33,40,09:33:40,99,Tahap-0
11/18/2025,9,33,40,09:33:40,248,Tahap-0
11/18/2025,9,33,40,09:33:40,139,Tahap-0
11/18/2025,9,33,40,09:33:40,37,Tahap-0
11/18/2025,9,33,40,09:33:40,180,Tahap-0
11/18/2025,9,33,40,09:33:40,84,Tahap-0
11/18/2025,9,33,40,09:33:40,99,Tahap-0
11/18/2025,9,33,40,09:33:40,173,Tahap-0
11/18/2025,9,33,40,09:33:40,28,Tahap-0
11/18/2025,9,33,40,09:33:40,130,Tahap-0
11/18/2025,9,33,41,09:33:41,265,Tahap-0
11/18/2025,9,33,41,09:33:41,115,Tahap-0
11/18/2025,9,33,41,09:33:41,249,Tahap-0
11/18/2025,9,33,41,09:33:41,151,Tahap-0
11/18/2025,9,33,41,09:33:41,185,Tahap-0
11/18/2025,9,33,41,09:33:41,124,Tahap-0
11/18/2025,9,33,41,09:33:41,262,Tahap-0
11/18/2025,9,33,41,09:33:41,177,Tahap-0
11/18/2025,9,33,41,09:33:41,176,Tahap-0
11/18/2025,9,33,41,09:33:41,151,Tahap-0
11/18/2025,9,33,42,09:33:42,242,Tahap-0
11/18/2025,9,33,42,09:33:42,382,Tahap-0
11/18/2025,9,33,42,09:33:42,655,Tahap-0
11/18/2025,9,33,42,09:33:42,449,Tahap-0
11/18/2025,9,33,42,09:33:42,229,Tahap-0
11/18/2025,9,33,42,09:33:42,225,Tahap-0
11/18/2025,9,33,42,09:33:42,154,Tahap-0
11/18/2025,9,33,42,09:33:42,72,Tahap-0
11/18/2025,9,33,42,09:33:42,212,Tahap-0
11/18/2025,9,33,42,09:33:42,533,Tahap-0
11/18/2025,9,33,43,09:33:43,158,Tahap-0
11/18/2025,9,33,43,09:33:43,122,Tahap-0
11/18/2025,9,33,43,09:33:43,203,Tahap-0
11/18/2025,9,33,43,09:33:43,49,Tahap-0
11/18/2025,9,33,43,09:33:43,131,Tahap-0
11/18/2025,9,33,43,09:33:43,63,Tahap-0
11/18/2025,9,33,43,09:33:43,228,Tahap-0
11/18/2025,9,33,43,09:33:43,127,Tahap-0
11/18/2025,9,33,43,09:33:43,197,Tahap-0
11/18/2025,9,33,43,09:33:43,48,Tahap-0
11/18/2025,9,33,44,09:33:44,163,Tahap-0
11/18/2025,9,33,44,09:33:44,116,Tahap-0
11/18/2025,9,33,44,09:33:44,336,Tahap-0
11/18/2025,9,33,44,09:33:44,268,Tahap-0
11/18/2025,9,33,44,09:33:44,262,Tahap-0
11/18/2025,9,33,44,09:33:44,518,Tahap-0
11/18/2025,9,33,44,09:33:44,729,Tahap-0
11/18/2025,9,33,44,09:33:44,926,Tahap-0
11/18/2025,9,33,44,09:33:44,345,Tahap-0
11/18/2025,9,33,44,09:33:44,401,Tahap-0
11/18/2025,9,33,45,09:33:45,6,Tahap-0
11/18/2025,9,33,45,09:33:45,103,Tahap-0
11/18/2025,9,33,45,09:33:45,60,Tahap-0
11/18/2025,9,33,45,09:33:45,101,Tahap-0
11/18/2025,9,33,45,09:33:45,251,Tahap-0
11/18/2025,9,33,45,09:33:45,420,Tahap-0
11/18/2025,9,33,45,09:33:45,352,Tahap-0
11/18/2025,9,33,45,09:33:45,129,Tahap-0
11/18/2025,9,33,45,09:33:45,171,Tahap-0
11/18/2025,9,33,45,09:33:45,164,Tahap-0
11/18/2025,9,33,46,09:33:46,594,Tahap-0
11/18/2025,9,33,46,09:33:46,368,Tahap-0
11/18/2025,9,33,46,09:33:46,710,Tahap-0
11/18/2025,9,33,46,09:33:46,305,Tahap-0
11/18/2025,9,33,46,09:33:46,799,Tahap-0
11/18/2025,9,33,46,09:33:46,353,Tahap-0
11/18/2025,9,33,46,09:33:46,930,Tahap-0
11/18/2025,9,33,46,09:33:46,419,Tahap-0
11/18/2025,9,33,46,09:33:46,613,Tahap-0
11/18/2025,9,33,46,09:33:46,181,Tahap-0
11/18/2025,9,33,47,09:33:47,1018,Tahap-0
11/18/2025,9,33,47,09:33:47,2519,Tahap-0
11/18/2025,9,33,47,09:33:47,1560,Tahap-0
11/18/2025,9,33,47,09:33:47,505,Tahap-0
11/18/2025,9,33,47,09:33:47,-228,Tahap-0
11/18/2025,9,33,47,09:33:47,148,Tahap-0
11/18/2025,9,33,47,09:33:47,-180,Tahap-0
11/18/2025,9,33,47,09:33:47,200,Tahap-0
11/18/2025,9,33,47,09:33:47,-172,Tahap-0
11/18/2025,9,33,47,09:33:47,208,Tahap-0
11/18/2025,9,33,48,09:33:48,-176,Tahap-0
11/18/2025,9,33,48,09:33:48,28,Tahap-0
11/18/2025,9,33,48,09:33:48,-100,Tahap-0
11/18/2025,9,33,48,09:33:48,196,Tahap-0
11/18/2025,9,33,48,09:33:48,-212,Tahap-0
11/18/2025,9,33,48,09:33:48,128,Tahap-0
11/18/2025,9,33,48,09:33:48,-268,Tahap-0
11/18/2025,9,33,48,09:33:48,72,Tahap-0
11/18/2025,9,33,48,09:33:48,-172,Tahap-0
11/18/2025,9,33,48,09:33:48,56,Tahap-0
11/18/2025,9,33,49,09:33:49,-96,Tahap-0
11/18/2025,9,33,49,09:33:49,-44,Tahap-0
11/18/2025,9,33,49,09:33:49,-156,Tahap-0
11/18/2025,9,33,49,09:33:49,84,Tahap-0
11/18/2025,9,33,49,09:33:49,-204,Tahap-0
11/18/2025,9,33,49,09:33:49,72,Tahap-0
11/18/2025,9,33,49,09:33:49,-212,Tahap-0
11/18/2025,9,33,49,09:33:49,-4,Tahap-0
11/18/2025,9,33,49,09:33:49,-88,Tahap-0
11/18/2025,9,33,49,09:33:49,-40,Tahap-0
11/18/2025,9,33,50,09:33:50,-52,Tahap-0
11/18/2025,9,33,50,09:33:50,-36,Tahap-0
11/18/2025,9,33,50,09:33:50,-144,Tahap-0
11/18/2025,9,33,50,09:33:50,160,Tahap-0
11/18/2025,9,33,50,09:33:50,-128,Tahap-0
11/18/2025,9,33,50,09:33:50,-20,Tahap-0
11/18/2025,9,33,50,09:33:50,-120,Tahap-0
11/18/2025,9,33,50,09:33:50,12,Tahap-0
11/18/2025,9,33,50,09:33:50,32,Tahap-0
11/18/2025,9,33,50,09:33:50,-100,Tahap-0
11/18/2025,9,33,51,09:33:51,4,Tahap-0
11/18/2025,9,33,51,09:33:51,-128,Tahap-0
11/18/2025,9,33,51,09:33:51,-124,Tahap-0
11/18/2025,9,33,51,09:33:51,16,Tahap-0
11/18/2025,9,33,51,09:33:51,-52,Tahap-0
11/18/2025,9,33,51,09:33:51,-156,Tahap-0
11/18/2025,9,33,51,09:33:51,-28,Tahap-0
11/18/2025,9,33,51,09:33:51,-300,Tahap-0
11/18/2025,9,33,51,09:33:51,92,Tahap-0
11/18/2025,9,33,51,09:33:51,-156,Tahap-0
11/18/2025,9,33,52,09:33:52,176,Tahap-0
11/18/2025,9,33,52,09:33:52,-224,Tahap-0
11/18/2025,9,33,52,09:33:52,-4,Tahap-0
11/18/2025,9,33,52,09:33:52,-100,Tahap-0
11/18/2025,9,33,52,09:33:52,148,Tahap-0
11/18/2025,9,33,52,09:33:52,-240,Tahap-0
11/18/2025,9,33,52,09:33:52,84,Tahap-0
11/18/2025,9,33,52,09:33:52,-136,Tahap-0
11/18/2025,9,33,52,09:33:52,72,Tahap-0
11/18/2025,9,33,52,09:33:52,-144,Tahap-0
11/18/2025,9,33,53,09:33:53,-32,Tahap-0
11/18/2025,9,33,53,09:33:53,-76,Tahap-0
11/18/2025,9,33,53,09:33:53,-60,Tahap-0
11/18/2025,9,33,53,09:33:53,-48,Tahap-0
11/18/2025,9,33,53,09:33:53,-60,Tahap-0
11/18/2025,9,33,53,09:33:53,-92,Tahap-0
11/18/2025,9,33,53,09:33:53,-204,Tahap-0
11/18/2025,9,33,53,09:33:53,-88,Tahap-0
11/18/2025,9,33,53,09:33:53,-4,Tahap-0
11/18/2025,9,33,53,09:33:53,-104,Tahap-0
11/18/2025,9,33,54,09:33:54,-16,Tahap-0
11/18/2025,9,33,54,09:33:54,-188,Tahap-0
11/18/2025,9,33,54,09:33:54,-36,Tahap-0
11/18/2025,9,33,54,09:33:54,-144,Tahap-0
11/18/2025,9,33,54,09:33:54,12,Tahap-0
11/18/2025,9,33,54,09:33:54,-164,Tahap-0
11/18/2025,9,33,54,09:33:54,-156,Tahap-0
11/18/2025,9,33,54,09:33:54,-104,Tahap-0
11/18/2025,9,33,54,09:33:54,-112,Tahap-0
11/18/2025,9,33,54,09:33:54,-208,Tahap-0
11/18/2025,9,33,55,09:33:55,-68,Tahap-0
11/18/2025,9,33,55,09:33:55,-92,Tahap-0
11/18/2025,9,33,55,09:33:55,-100,Tahap-0
11/18/2025,9,33,55,09:33:55,-112,Tahap-0
11/18/2025,9,33,55,09:33:55,-100,Tahap-0
11/18/2025,9,33,55,09:33:55,-160,Tahap-0
11/18/2025,9,33,55,09:33:55,-168,Tahap-0
11/18/2025,9,33,55,09:33:55,-184,Tahap-0
11/18/2025,9,33,55,09:33:55,-76,Tahap-0
11/18/2025,9,33,55,09:33:55,-152,Tahap-0
11/18/2025,9,33,56,09:33:56,-208,Tahap-0
11/18/2025,9,33,56,09:33:56,-232,Tahap-0
11/18/2025,9,33,56,09:33:56,-76,Tahap-0
11/18/2025,9,33,56,09:33:56,-88,Tahap-0
11/18/2025,9,33,56,09:33:56,-116,Tahap-0
11/18/2025,9,33,56,09:33:56,-64,Tahap-0
11/18/2025,9,33,56,09:33:56,-192,Tahap-0
11/18/2025,9,33,56,09:33:56,-140,Tahap-0
11/18/2025,9,33,56,09:33:56,-52,Tahap-0
11/18/2025,9,33,56,09:33:56,-172,Tahap-0
11/18/2025,9,33,57,09:33:57,-116,Tahap-0
11/18/2025,9,33,57,09:33:57,-160,Tahap-0
11/18/2025,9,33,57,09:33:57,-148,Tahap-0
11/18/2025,9,33,57,09:33:57,-84,Tahap-0
11/18/2025,9,33,57,09:33:57,-116,Tahap-0
11/18/2025,9,33,57,09:33:57,-28,Tahap-0
11/18/2025,9,33,57,09:33:57,-200,Tahap-0
11/18/2025,9,33,57,09:33:57,-164,Tahap-0
11/18/2025,9,33,57,09:33:57,-16,Tahap-0
11/18/2025,9,33,57,09:33:57,-264,Tahap-0
11/18/2025,9,33,58,09:33:58,-124,Tahap-0
11/18/2025,9,33,58,09:33:58,-164,Tahap-0
11/18/2025,9,33,58,09:33:58,-84,Tahap-0
11/18/2025,9,33,58,09:33:58,-136,Tahap-0
11/18/2025,9,33,58,09:33:58,-52,Tahap-0
11/18/2025,9,33,58,09:33:58,-104,Tahap-0
11/18/2025,9,33,58,09:33:58,-160,Tahap-0
11/18/2025,9,33,58,09:33:58,-184,Tahap-0
11/18/2025,9,33,58,09:33:58,-68,Tahap-0
11/18/2025,9,33,58,09:33:58,-196,Tahap-0
11/18/2025,9,33,59,09:33:59,-172,Tahap-0
11/18/2025,9,33,59,09:33:59,-244,Tahap-0
11/18/2025,9,33,59,09:33:59,-180,Tahap-0
11/18/2025,9,33,59,09:33:59,-152,Tahap-0
11/18/2025,9,33,59,09:33:59,-76,Tahap-0
11/18/2025,9,33,59,09:33:59,-200,Tahap-0
11/18/2025,9,33,59,09:33:59,-56,Tahap-0
11/18/2025,9,33,59,09:33:59,-296,Tahap-0
11/18/2025,9,33,59,09:33:59,-72,Tahap-0
11/18/2025,9,33,59,09:33:59,-112,Tahap-0
11/18/2025,9,34,24,09:34:24,1668,Tahap-0
11/18/2025,9,34,24,09:34:24,1373,Tahap-0
11/18/2025,9,34,24,09:34:24,512,Tahap-0
11/18/2025,9,34,25,09:34:25,449,Tahap-0
11/18/2025,9,34,25,09:34:25,677,Tahap-0
11/18/2025,9,34,25,09:34:25,124,Tahap-0
11/18/2025,9,34,25,09:34:25,368,Tahap-0
11/18/2025,9,34,25,09:34:25,135,Tahap-0
11/18/2025,9,34,25,09:34:25,194,Tahap-0
11/18/2025,9,34,25,09:34:25,235,Tahap-0
11/18/2025,9,34,25,09:34:25,133,Tahap-0
11/18/2025,9,34,25,09:34:25,235,Tahap-0
11/18/2025,9,34,25,09:34:25,220,Tahap-0
11/18/2025,9,34,26,09:34:26,107,Tahap-0
11/18/2025,9,34,26,09:34:26,190,Tahap-0
11/18/2025,9,34,26,09:34:26,109,Tahap-0
11/18/2025,9,34,26,09:34:26,10,Tahap-0
11/18/2025,9,34,26,09:34:26,219,Tahap-0
11/18/2025,9,34,26,09:34:26,127,Tahap-0
11/18/2025,9,34,26,09:34:26,81,Tahap-0
11/18/2025,9,34,26,09:34:26,52,Tahap-0
11/18/2025,9,34,26,09:34:26,65,Tahap-0
11/18/2025,9,34,26,09:34:26,158,Tahap-0
11/18/2025,9,34,27,09:34:27,168,Tahap-0
11/18/2025,9,34,27,09:34:27,191,Tahap-0
11/18/2025,9,34,27,09:34:27,239,Tahap-0
11/18/2025,9,34,27,09:34:27,177,Tahap-0
11/18/2025,9,34,27,09:34:27,137,Tahap-0
11/18/2025,9,34,27,09:34:27,136,Tahap-0
11/18/2025,9,34,27,09:34:27,236,Tahap-0
11/18/2025,9,34,27,09:34:27,85,Tahap-0
11/18/2025,9,34,27,09:34:27,103,Tahap-0
11/18/2025,9,34,27,09:34:27,127,Tahap-0
11/18/2025,9,34,28,09:34:28,115,Tahap-0
11/18/2025,9,34,28,09:34:28,146,Tahap-0
11/18/2025,9,34,28,09:34:28,187,Tahap-0
11/18/2025,9,34,28,09:34:28,125,Tahap-0
11/18/2025,9,34,28,09:34:28,179,Tahap-0
11/18/2025,9,34,28,09:34:28,117,Tahap-0
11/18/2025,9,34,28,09:34:28,269,Tahap-0
11/18/2025,9,34,28,09:34:28,406,Tahap-0
11/18/2025,9,34,28,09:34:28,480,Tahap-0
11/18/2025,9,34,28,09:34:28,132,Tahap-0
11/18/2025,9,34,28,09:34:28,124,Tahap-0
11/18/2025,9,34,29,09:34:29,139,Tahap-0
11/18/2025,9,34,29,09:34:29,22,Tahap-0
11/18/2025,9,34,29,09:34:29,158,Tahap-0
11/18/2025,9,34,29,09:34:29,297,Tahap-0
11/18/2025,9,34,29,09:34:29,394,Tahap-0
11/18/2025,9,34,29,09:34:29,567,Tahap-0
11/18/2025,9,34,29,09:34:29,514,Tahap-0
11/18/2025,9,34,29,09:34:29,303,Tahap-0
11/18/2025,9,34,29,09:34:29,219,Tahap-0
11/18/2025,9,34,29,09:34:29,153,Tahap-0
11/18/2025,9,34,30,09:34:30,218,Tahap-0
11/18/2025,9,34,30,09:34:30,105,Tahap-0
11/18/2025,9,34,30,09:34:30,162,Tahap-0
11/18/2025,9,34,30,09:34:30,79,Tahap-0
11/18/2025,9,34,30,09:34:30,42,Tahap-0
11/18/2025,9,34,30,09:34:30,140,Tahap-0
11/18/2025,9,34,30,09:34:30,158,Tahap-0
11/18/2025,9,34,30,09:34:30,43,Tahap-0
11/18/2025,9,34,30,09:34:30,67,Tahap-0
11/18/2025,9,34,30,09:34:30,116,Tahap-0
11/18/2025,9,34,31,09:34:31,209,Tahap-0
11/18/2025,9,34,31,09:34:31,65,Tahap-0
11/18/2025,9,34,31,09:34:31,76,Tahap-0
11/18/2025,9,34,31,09:34:31,103,Tahap-0
11/18/2025,9,34,31,09:34:31,265,Tahap-0
11/18/2025,9,34,31,09:34:31,70,Tahap-0
11/18/2025,9,34,31,09:34:31,50,Tahap-0
11/18/2025,9,34,31,09:34:31,128,Tahap-0
11/18/2025,9,34,31,09:34:31,205,Tahap-0
11/18/2025,9,34,31,09:34:31,104,Tahap-0
11/18/2025,9,34,32,09:34:32,300,Tahap-0
11/18/2025,9,34,32,09:34:32,730,Tahap-0
11/18/2025,9,34,32,09:34:32,572,Tahap-0
11/18/2025,9,34,32,09:34:32,350,Tahap-0
11/18/2025,9,34,32,09:34:32,309,Tahap-0
11/18/2025,9,34,32,09:34:32,300,Tahap-0
11/18/2025,9,34,32,09:34:32,104,Tahap-0
11/18/2025,9,34,32,09:34:32,27,Tahap-0
11/18/2025,9,34,32,09:34:32,450,Tahap-0
11/18/2025,9,34,32,09:34:32,203,Tahap-0
11/18/2025,9,34,33,09:34:33,142,Tahap-0
11/18/2025,9,34,33,09:34:33,110,Tahap-0
11/18/2025,9,34,33,09:34:33,84,Tahap-0
11/18/2025,9,34,33,09:34:33,120,Tahap-0
11/18/2025,9,34,33,09:34:33,194,Tahap-0
11/18/2025,9,34,33,09:34:33,63,Tahap-0
11/18/2025,9,34,33,09:34:33,117,Tahap-0
11/18/2025,9,34,33,09:34:33,113,Tahap-0
11/18/2025,9,34,33,09:34:33,106,Tahap-0
11/18/2025,9,34,33,09:34:33,21,Tahap-0
11/18/2025,9,34,34,09:34:34,383,Tahap-0
11/18/2025,9,34,34,09:34:34,149,Tahap-0
11/18/2025,9,34,34,09:34:34,72,Tahap-0
11/18/2025,9,34,34,09:34:34,324,Tahap-0
11/18/2025,9,34,34,09:34:34,317,Tahap-0
11/18/2025,9,34,34,09:34:34,425,Tahap-0
11/18/2025,9,34,34,09:34:34,507,Tahap-0
11/18/2025,9,34,34,09:34:34,1101,Tahap-0
11/18/2025,9,34,34,09:34:34,366,Tahap-0
11/18/2025,9,34,34,09:34:34,46,Tahap-0
11/18/2025,9,34,35,09:34:35,165,Tahap-0
11/18/2025,9,34,35,09:34:35,244,Tahap-0
11/18/2025,9,34,35,09:34:35,267,Tahap-0
11/18/2025,9,34,35,09:34:35,338,Tahap-0
11/18/2025,9,34,35,09:34:35,288,Tahap-0
11/18/2025,9,34,35,09:34:35,89,Tahap-0
11/18/2025,9,34,35,09:34:35,286,Tahap-0
11/18/2025,9,34,35,09:34:35,252,Tahap-0
11/18/2025,9,34,35,09:34:35,195,Tahap-0
11/18/2025,9,34,35,09:34:35,440,Tahap-0
11/18/2025,9,34,36,09:34:36,64,Tahap-0
11/18/2025,9,34,36,09:34:36,600,Tahap-0
11/18/2025,9,34,36,09:34:36,390,Tahap-0
11/18/2025,9,34,36,09:34:36,827,Tahap-0
11/18/2025,9,34,36,09:34:36,337,Tahap-0
11/18/2025,9,34,36,09:34:36,431,Tahap-0
11/18/2025,9,34,36,09:34:36,683,Tahap-0
11/18/2025,9,34,36,09:34:36,969,Tahap-0
11/18/2025,9,34,36,09:34:36,1715,Tahap-0
11/18/2025,9,34,36,09:34:36,715,Tahap-0
11/18/2025,9,34,37,09:34:37,1595,Tahap-0
11/18/2025,9,34,37,09:34:37,1238,Tahap-0
11/18/2025,9,34,37,09:34:37,1436,Tahap-0
11/18/2025,9,34,37,09:34:37,160,Tahap-0
11/18/2025,9,34,37,09:34:37,-52,Tahap-0
11/18/2025,9,34,37,09:34:37,144,Tahap-0
11/18/2025,9,34,37,09:34:37,8,Tahap-0
11/18/2025,9,34,37,09:34:37,188,Tahap-0
11/18/2025,9,34,37,09:34:37,-4,Tahap-0
11/18/2025,9,34,37,09:34:37,100,Tahap-0
11/18/2025,9,34,39,09:34:39,-84,Tahap-0
11/18/2025,9,34,39,09:34:39,172,Tahap-0
11/18/2025,9,34,39,09:34:39,-44,Tahap-0
11/18/2025,9,34,39,09:34:39,108,Tahap-0
11/18/2025,9,34,39,09:34:39,28,Tahap-0
11/18/2025,9,34,39,09:34:39,64,Tahap-0
11/18/2025,9,34,39,09:34:39,88,Tahap-0
11/18/2025,9,34,39,09:34:39,24,Tahap-0
11/18/2025,9,34,39,09:34:39,32,Tahap-0
11/18/2025,9,34,39,09:34:39,64,Tahap-0
11/18/2025,9,34,39,09:34:39,-32,Tahap-0
11/18/2025,9,34,39,09:34:39,204,Tahap-0
11/18/2025,9,34,39,09:34:39,16,Tahap-0
11/18/2025,9,34,39,09:34:39,-4,Tahap-0
11/18/2025,9,34,39,09:34:39,88,Tahap-0
11/18/2025,9,34,39,09:34:39,36,Tahap-0
11/18/2025,9,34,39,09:34:39,148,Tahap-0
11/18/2025,9,34,39,09:34:39,-4,Tahap-0
11/18/2025,9,34,39,09:34:39,164,Tahap-0
11/18/2025,9,34,39,09:34:39,-8,Tahap-0
11/18/2025,9,34,40,09:34:40,20,Tahap-0
11/18/2025,9,34,40,09:34:40,152,Tahap-0
11/18/2025,9,34,40,09:34:40,200,Tahap-0
11/18/2025,9,34,40,09:34:40,168,Tahap-0
11/18/2025,9,34,40,09:34:40,-80,Tahap-0
11/18/2025,9,34,40,09:34:40,200,Tahap-0
11/18/2025,9,34,40,09:34:40,-32,Tahap-0
11/18/2025,9,34,40,09:34:40,232,Tahap-0
11/18/2025,9,34,40,09:34:40,-108,Tahap-0
11/18/2025,9,34,41,09:34:41,88,Tahap-0
11/18/2025,9,34,41,09:34:41,-28,Tahap-0
11/18/2025,9,34,41,09:34:41,132,Tahap-0
11/18/2025,9,34,41,09:34:41,-124,Tahap-0
11/18/2025,9,34,41,09:34:41,200,Tahap-0
11/18/2025,9,34,41,09:34:41,-156,Tahap-0
11/18/2025,9,34,41,09:34:41,232,Tahap-0
11/18/2025,9,34,41,09:34:41,-132,Tahap-0
11/18/2025,9,34,41,09:34:41,104,Tahap-0
11/18/2025,9,34,41,09:34:41,-76,Tahap-0
11/18/2025,9,34,42,09:34:42,48,Tahap-0
11/18/2025,9,34,42,09:34:42,-40,Tahap-0
11/18/2025,9,34,42,09:34:42,188,Tahap-0
11/18/2025,9,34,42,09:34:42,-208,Tahap-0
11/18/2025,9,34,42,09:34:42,124,Tahap-0
11/18/2025,9,34,42,09:34:42,-228,Tahap-0
11/18/2025,9,34,42,09:34:42,160,Tahap-0
11/18/2025,9,34,42,09:34:42,-76,Tahap-0
11/18/2025,9,34,42,09:34:42,72,Tahap-0
11/18/2025,9,34,42,09:34:42,-108,Tahap-0
11/18/2025,9,34,43,09:34:43,-80,Tahap-0
11/18/2025,9,34,43,09:34:43,-132,Tahap-0
11/18/2025,9,34,43,09:34:43,160,Tahap-0
11/18/2025,9,34,43,09:34:43,-44,Tahap-0
11/18/2025,9,34,43,09:34:43,-84,Tahap-0
11/18/2025,9,34,43,09:34:43,32,Tahap-0
11/18/2025,9,34,43,09:34:43,-136,Tahap-0
11/18/2025,9,34,43,09:34:43,24,Tahap-0
11/18/2025,9,34,43,09:34:43,-128,Tahap-0
11/18/2025,9,34,43,09:34:43,132,Tahap-0
11/18/2025,9,34,44,09:34:44,-184,Tahap-0
11/18/2025,9,34,44,09:34:44,52,Tahap-0
11/18/2025,9,34,44,09:34:44,-48,Tahap-0
11/18/2025,9,34,44,09:34:44,4,Tahap-0
11/18/2025,9,34,44,09:34:44,-104,Tahap-0
11/18/2025,9,34,44,09:34:44,-40,Tahap-0
11/18/2025,9,34,44,09:34:44,16,Tahap-0
11/18/2025,9,34,44,09:34:44,-44,Tahap-0
11/18/2025,9,34,44,09:34:44,-64,Tahap-0
11/18/2025,9,34,44,09:34:44,-116,Tahap-0
11/18/2025,9,34,45,09:34:45,-36,Tahap-0
11/18/2025,9,34,45,09:34:45,16,Tahap-0
11/18/2025,9,34,45,09:34:45,-36,Tahap-0
11/18/2025,9,34,45,09:34:45,-60,Tahap-0
11/18/2025,9,34,45,09:34:45,-96,Tahap-0
11/18/2025,9,34,45,09:34:45,-188,Tahap-0
11/18/2025,9,34,45,09:34:45,-104,Tahap-0
11/18/2025,9,34,45,09:34:45,-12,Tahap-0
11/18/2025,9,34,45,09:34:45,-124,Tahap-0
11/18/2025,9,34,46,09:34:46,-76,Tahap-0
11/18/2025,9,34,46,09:34:46,-80,Tahap-0
11/18/2025,9,34,46,09:34:46,-80,Tahap-0
11/18/2025,9,34,46,09:34:46,-104,Tahap-0
11/18/2025,9,34,46,09:34:46,-164,Tahap-0
11/18/2025,9,34,46,09:34:46,28,Tahap-0
11/18/2025,9,34,46,09:34:46,-212,Tahap-0
11/18/2025,9,34,46,09:34:46,-72,Tahap-0
11/18/2025,9,34,46,09:34:46,-140,Tahap-0
11/18/2025,9,34,47,09:34:47,-16,Tahap-0
11/18/2025,9,34,47,09:34:47,-120,Tahap-0
11/18/2025,9,34,47,09:34:47,-32,Tahap-0
11/18/2025,9,34,47,09:34:47,-64,Tahap-0
11/18/2025,9,34,47,09:34:47,-100,Tahap-0
11/18/2025,9,34,47,09:34:47,-136,Tahap-0
11/18/2025,9,34,47,09:34:47,8,Tahap-0
11/18/2025,9,34,47,09:34:47,-140,Tahap-0
11/18/2025,9,34,47,09:34:47,-76,Tahap-0
11/18/2025,9,34,47,09:34:47,-208,Tahap-0
11/18/2025,9,34,48,09:34:48,-184,Tahap-0
11/18/2025,9,34,48,09:34:48,-28,Tahap-0
11/18/2025,9,34,48,09:34:48,-32,Tahap-0
11/18/2025,9,34,48,09:34:48,-56,Tahap-0
11/18/2025,9,34,48,09:34:48,-72,Tahap-0
11/18/2025,9,34,48,09:34:48,-192,Tahap-0
11/18/2025,9,34,48,09:34:48,-64,Tahap-0
11/18/2025,9,34,48,09:34:48,-28,Tahap-0
11/18/2025,9,34,48,09:34:48,-88,Tahap-0
11/18/2025,9,34,48,09:34:48,-80,Tahap-0
11/18/2025,9,34,49,09:34:49,-172,Tahap-0
11/18/2025,9,34,49,09:34:49,-76,Tahap-0
11/18/2025,9,34,49,09:34:49,-124,Tahap-0
11/18/2025,9,34,49,09:34:49,-56,Tahap-0
11/18/2025,9,34,49,09:34:49,-32,Tahap-0
11/18/2025,9,34,49,09:34:49,-212,Tahap-0
11/18/2025,9,34,49,09:34:49,-40,Tahap-0
11/18/2025,9,34,49,09:34:49,-24,Tahap-0
11/18/2025,9,34,49,09:34:49,-204,Tahap-0
11/18/2025,9,34,49,09:34:49,-20,Tahap-0
11/18/2025,9,34,50,09:34:50,-136,Tahap-0
11/18/2025,9,34,50,09:34:50,-20,Tahap-0
11/18/2025,9,35,14,09:35:14,878,Tahap-0
11/18/2025,9,35,14,09:35:14,409,Tahap-0
11/18/2025,9,35,14,09:35:14,271,Tahap-0
11/18/2025,9,35,14,09:35:14,384,Tahap-0
11/18/2025,9,35,15,09:35:15,551,Tahap-0
11/18/2025,9,35,15,09:35:15,888,Tahap-0
11/18/2025,9,35,15,09:35:15,455,Tahap-0
11/18/2025,9,35,15,09:35:15,132,Tahap-0
11/18/2025,9,35,15,09:35:15,68,Tahap-0
11/18/2025,9,35,15,09:35:15,201,Tahap-0
11/18/2025,9,35,15,09:35:15,166,Tahap-0
11/18/2025,9,35,15,09:35:15,161,Tahap-0
11/18/2025,9,35,15,09:35:15,230,Tahap-0
11/18/2025,9,35,15,09:35:15,166,Tahap-0
11/18/2025,9,35,16,09:35:16,45,Tahap-0
11/18/2025,9,35,16,09:35:16,138,Tahap-0
11/18/2025,9,35,16,09:35:16,152,Tahap-0
11/18/2025,9,35,16,09:35:16,195,Tahap-0
11/18/2025,9,35,16,09:35:16,31,Tahap-0
11/18/2025,9,35,16,09:35:16,76,Tahap-0
11/18/2025,9,35,16,09:35:16,187,Tahap-0
11/18/2025,9,35,16,09:35:16,130,Tahap-0
11/18/2025,9,35,16,09:35:16,7,Tahap-0
11/18/2025,9,35,16,09:35:16,25,Tahap-0
11/18/2025,9,35,17,09:35:17,156,Tahap-0
11/18/2025,9,35,17,09:35:17,213,Tahap-0
11/18/2025,9,35,17,09:35:17,210,Tahap-0
11/18/2025,9,35,17,09:35:17,147,Tahap-0
11/18/2025,9,35,17,09:35:17,178,Tahap-0
11/18/2025,9,35,17,09:35:17,167,Tahap-0
11/18/2025,9,35,17,09:35:17,107,Tahap-0
11/18/2025,9,35,17,09:35:17,55,Tahap-0
11/18/2025,9,35,17,09:35:17,137,Tahap-0
11/18/2025,9,35,17,09:35:17,113,Tahap-0
11/18/2025,9,35,18,09:35:18,145,Tahap-0
11/18/2025,9,35,18,09:35:18,134,Tahap-0
11/18/2025,9,35,18,09:35:18,119,Tahap-0
11/18/2025,9,35,18,09:35:18,213,Tahap-0
11/18/2025,9,35,18,09:35:18,177,Tahap-0
11/18/2025,9,35,18,09:35:18,96,Tahap-0
11/18/2025,9,35,18,09:35:18,283,Tahap-0
11/18/2025,9,35,18,09:35:18,467,Tahap-0
11/18/2025,9,35,18,09:35:18,80,Tahap-0
11/18/2025,9,35,18,09:35:18,168,Tahap-0
11/18/2025,9,35,19,09:35:19,85,Tahap-0
11/18/2025,9,35,19,09:35:19,182,Tahap-0
11/18/2025,9,35,19,09:35:19,122,Tahap-0
11/18/2025,9,35,19,09:35:19,74,Tahap-0
11/18/2025,9,35,19,09:35:19,302,Tahap-0
11/18/2025,9,35,19,09:35:19,788,Tahap-0
11/18/2025,9,35,19,09:35:19,497,Tahap-0
11/18/2025,9,35,19,09:35:19,272,Tahap-0
11/18/2025,9,35,19,09:35:19,111,Tahap-0
11/18/2025,9,35,19,09:35:19,145,Tahap-0
11/18/2025,9,35,20,09:35:20,188,Tahap-0
11/18/2025,9,35,20,09:35:20,128,Tahap-0
11/18/2025,9,35,20,09:35:20,57,Tahap-0
11/18/2025,9,35,20,09:35:20,178,Tahap-0
11/18/2025,9,35,20,09:35:20,93,Tahap-0
11/18/2025,9,35,20,09:35:20,185,Tahap-0
11/18/2025,9,35,20,09:35:20,98,Tahap-0
11/18/2025,9,35,20,09:35:20,42,Tahap-0
11/18/2025,9,35,20,09:35:20,63,Tahap-0
11/18/2025,9,35,20,09:35:20,123,Tahap-0
11/18/2025,9,35,21,09:35:21,230,Tahap-0
11/18/2025,9,35,21,09:35:21,66,Tahap-0
11/18/2025,9,35,21,09:35:21,97,Tahap-0
11/18/2025,9,35,21,09:35:21,87,Tahap-0
11/18/2025,9,35,21,09:35:21,143,Tahap-0
11/18/2025,9,35,21,09:35:21,71,Tahap-0
11/18/2025,9,35,21,09:35:21,105,Tahap-0
11/18/2025,9,35,21,09:35:21,175,Tahap-0
11/18/2025,9,35,21,09:35:21,162,Tahap-0
11/18/2025,9,35,21,09:35:21,338,Tahap-0
11/18/2025,9,35,22,09:35:22,125,Tahap-0
11/18/2025,9,35,22,09:35:22,630,Tahap-0
11/18/2025,9,35,22,09:35:22,657,Tahap-0
11/18/2025,9,35,22,09:35:22,481,Tahap-0
11/18/2025,9,35,22,09:35:22,321,Tahap-0
11/18/2025,9,35,22,09:35:22,230,Tahap-0
11/18/2025,9,35,22,09:35:22,240,Tahap-0
11/18/2025,9,35,22,09:35:22,266,Tahap-0
11/18/2025,9,35,22,09:35:22,842,Tahap-0
11/18/2025,9,35,22,09:35:22,119,Tahap-0
11/18/2025,9,35,23,09:35:23,94,Tahap-0
11/18/2025,9,35,23,09:35:23,145,Tahap-0
11/18/2025,9,35,23,09:35:23,90,Tahap-0
11/18/2025,9,35,23,09:35:23,266,Tahap-0
11/18/2025,9,35,23,09:35:23,74,Tahap-0
11/18/2025,9,35,23,09:35:23,93,Tahap-0
11/18/2025,9,35,23,09:35:23,21,Tahap-0
11/18/2025,9,35,23,09:35:23,116,Tahap-0
11/18/2025,9,35,23,09:35:23,59,Tahap-0
11/18/2025,9,35,23,09:35:23,60,Tahap-0
11/18/2025,9,35,24,09:35:24,301,Tahap-0
11/18/2025,9,35,24,09:35:24,178,Tahap-0
11/18/2025,9,35,24,09:35:24,212,Tahap-0
11/18/2025,9,35,24,09:35:24,106,Tahap-0
11/18/2025,9,35,24,09:35:24,222,Tahap-0
11/18/2025,9,35,24,09:35:24,758,Tahap-0
11/18/2025,9,35,24,09:35:24,706,Tahap-0
11/18/2025,9,35,24,09:35:24,712,Tahap-0
11/18/2025,9,35,24,09:35:24,87,Tahap-0
11/18/2025,9,35,24,09:35:24,313,Tahap-0
11/18/2025,9,35,25,09:35:25,155,Tahap-0
11/18/2025,9,35,25,09:35:25,49,Tahap-0
11/18/2025,9,35,25,09:35:25,254,Tahap-0
11/18/2025,9,35,25,09:35:25,136,Tahap-0
11/18/2025,9,35,25,09:35:25,155,Tahap-0
11/18/2025,9,35,25,09:35:25,456,Tahap-0
11/18/2025,9,35,25,09:35:25,25,Tahap-0
11/18/2025,9,35,25,09:35:25,52,Tahap-0
11/18/2025,9,35,25,09:35:25,444,Tahap-0
11/18/2025,9,35,25,09:35:25,139,Tahap-0
11/18/2025,9,35,25,09:35:25,596,Tahap-0
11/18/2025,9,35,26,09:35:26,389,Tahap-0
11/18/2025,9,35,26,09:35:26,584,Tahap-0
11/18/2025,9,35,26,09:35:26,561,Tahap-0
11/18/2025,9,35,26,09:35:26,486,Tahap-0
11/18/2025,9,35,26,09:35:26,489,Tahap-0
11/18/2025,9,35,26,09:35:26,409,Tahap-0
11/18/2025,9,35,26,09:35:26,1282,Tahap-0
11/18/2025,9,35,26,09:35:26,627,Tahap-0
11/18/2025,9,35,26,09:35:26,1383,Tahap-0
11/18/2025,9,35,26,09:35:26,2711,Tahap-0
11/18/2025,9,35,27,09:35:27,1779,Tahap-0
11/18/2025,9,35,27,09:35:27,818,Tahap-0
11/18/2025,9,35,27,09:35:27,-180,Tahap-0
11/18/2025,9,35,27,09:35:27,48,Tahap-0
11/18/2025,9,35,27,09:35:27,-160,Tahap-0
11/18/2025,9,35,27,09:35:27,200,Tahap-0
11/18/2025,9,35,27,09:35:27,-108,Tahap-0
11/18/2025,9,35,27,09:35:27,116,Tahap-0
11/18/2025,9,35,27,09:35:27,-112,Tahap-0
11/18/2025,9,35,27,09:35:27,-28,Tahap-0
11/18/2025,9,35,28,09:35:28,-32,Tahap-0
11/18/2025,9,35,28,09:35:28,216,Tahap-0
11/18/2025,9,35,28,09:35:28,-196,Tahap-0
11/18/2025,9,35,28,09:35:28,208,Tahap-0
11/18/2025,9,35,28,09:35:28,-208,Tahap-0
11/18/2025,9,35,28,09:35:28,168,Tahap-0
11/18/2025,9,35,28,09:35:28,-120,Tahap-0
11/18/2025,9,35,28,09:35:28,204,Tahap-0
11/18/2025,9,35,28,09:35:28,-112,Tahap-0
11/18/2025,9,35,28,09:35:28,-4,Tahap-0
11/18/2025,9,35,29,09:35:29,-80,Tahap-0
11/18/2025,9,35,29,09:35:29,76,Tahap-0
11/18/2025,9,35,29,09:35:29,-124,Tahap-0
11/18/2025,9,35,29,09:35:29,44,Tahap-0
11/18/2025,9,35,29,09:35:29,-152,Tahap-0
11/18/2025,9,35,29,09:35:29,32,Tahap-0
11/18/2025,9,35,29,09:35:29,-44,Tahap-0
11/18/2025,9,35,29,09:35:29,-88,Tahap-0
11/18/2025,9,35,29,09:35:29,-80,Tahap-0
11/18/2025,9,35,29,09:35:29,8,Tahap-0
11/18/2025,9,35,30,09:35:30,-120,Tahap-0
11/18/2025,9,35,30,09:35:30,100,Tahap-0
11/18/2025,9,35,30,09:35:30,-16,Tahap-0
11/18/2025,9,35,30,09:35:30,-64,Tahap-0
11/18/2025,9,35,30,09:35:30,-4,Tahap-0
11/18/2025,9,35,30,09:35:30,-44,Tahap-0
11/18/2025,9,35,30,09:35:30,32,Tahap-0
11/18/2025,9,35,30,09:35:30,-24,Tahap-0
11/18/2025,9,35,30,09:35:30,136,Tahap-0
11/18/2025,9,35,30,09:35:30,-180,Tahap-0
11/18/2025,9,35,31,09:35:31,64,Tahap-0
11/18/2025,9,35,31,09:35:31,164,Tahap-0
11/18/2025,9,35,31,09:35:31,-96,Tahap-0
11/18/2025,9,35,31,09:35:31,156,Tahap-0
11/18/2025,9,35,31,09:35:31,-52,Tahap-0
11/18/2025,9,35,31,09:35:31,40,Tahap-0
11/18/2025,9,35,31,09:35:31,160,Tahap-0
11/18/2025,9,35,31,09:35:31,64,Tahap-0
11/18/2025,9,35,31,09:35:31,64,Tahap-0
11/18/2025,9,35,32,09:35:32,36,Tahap-0
11/18/2025,9,35,32,09:35:32,80,Tahap-0
11/18/2025,9,35,32,09:35:32,68,Tahap-0
11/18/2025,9,35,32,09:35:32,84,Tahap-0
11/18/2025,9,35,32,09:35:32,-24,Tahap-0
11/18/2025,9,35,32,09:35:32,-16,Tahap-0
11/18/2025,9,35,32,09:35:32,164,Tahap-0
11/18/2025,9,35,32,09:35:32,-76,Tahap-0
11/18/2025,9,35,32,09:35:32,-36,Tahap-0
11/18/2025,9,35,33,09:35:33,-24,Tahap-0
11/18/2025,9,35,33,09:35:33,60,Tahap-0
11/18/2025,9,35,33,09:35:33,-68,Tahap-0
11/18/2025,9,35,33,09:35:33,4,Tahap-0
11/18/2025,9,35,33,09:35:33,12,Tahap-0
11/18/2025,9,35,33,09:35:33,-88,Tahap-0
11/18/2025,9,35,33,09:35:33,-88,Tahap-0
11/18/2025,9,35,33,09:35:33,164,Tahap-0
11/18/2025,9,35,33,09:35:33,-136,Tahap-0
11/18/2025,9,35,33,09:35:33,60,Tahap-0
11/18/2025,9,35,34,09:35:34,-160,Tahap-0
11/18/2025,9,35,34,09:35:34,76,Tahap-0
11/18/2025,9,35,34,09:35:34,-44,Tahap-0
11/18/2025,9,35,34,09:35:34,104,Tahap-0
11/18/2025,9,35,34,09:35:34,-96,Tahap-0
11/18/2025,9,35,34,09:35:34,8,Tahap-0
11/18/2025,9,35,34,09:35:34,-184,Tahap-0
11/18/2025,9,35,34,09:35:34,112,Tahap-0
11/18/2025,9,35,34,09:35:34,-80,Tahap-0
11/18/2025,9,35,34,09:35:34,8,Tahap-0
11/18/2025,9,35,35,09:35:35,-76,Tahap-0
11/18/2025,9,35,35,09:35:35,72,Tahap-0
11/18/2025,9,35,35,09:35:35,4,Tahap-0
11/18/2025,9,35,35,09:35:35,72,Tahap-0
11/18/2025,9,35,35,09:35:35,56,Tahap-0
11/18/2025,9,35,35,09:35:35,120,Tahap-0
11/18/2025,9,35,35,09:35:35,-108,Tahap-0
11/18/2025,9,35,35,09:35:35,248,Tahap-0
11/18/2025,9,35,35,09:35:35,-20,Tahap-0
11/18/2025,9,35,35,09:35:35,72,Tahap-0
11/18/2025,9,35,36,09:35:36,-36,Tahap-0
11/18/2025,9,35,36,09:35:36,168,Tahap-0
11/18/2025,9,35,36,09:35:36,64,Tahap-0
11/18/2025,9,35,36,09:35:36,104,Tahap-0
11/18/2025,9,35,36,09:35:36,68,Tahap-0
11/18/2025,9,35,36,09:35:36,12,Tahap-0
11/18/2025,9,35,36,09:35:36,-68,Tahap-0
11/18/2025,9,35,36,09:35:36,164,Tahap-0
11/18/2025,9,35,36,09:35:36,-8,Tahap-0
11/18/2025,9,35,37,09:35:37,-36,Tahap-0
11/18/2025,9,35,37,09:35:37,-36,Tahap-0
11/18/2025,9,35,37,09:35:37,52,Tahap-0
11/18/2025,9,35,37,09:35:37,48,Tahap-0
11/18/2025,9,35,37,09:35:37,76,Tahap-0
11/18/2025,9,35,37,09:35:37,-56,Tahap-0
11/18/2025,9,35,37,09:35:37,-48,Tahap-0
11/18/2025,9,35,37,09:35:37,-72,Tahap-0
11/18/2025,9,35,37,09:35:37,72,Tahap-0
11/18/2025,9,35,37,09:35:37,-112,Tahap-0
11/18/2025,9,35,39,09:35:39,84,Tahap-0
11/18/2025,9,35,39,09:35:39,-188,Tahap-0
11/18/2025,9,35,39,09:35:39,84,Tahap-0
11/18/2025,9,35,39,09:35:39,-104,Tahap-0
11/18/2025,9,35,39,09:35:39,52,Tahap-0
11/18/2025,9,35,39,09:35:39,-52,Tahap-0
11/18/2025,9,35,39,09:35:39,-8,Tahap-0
11/18/2025,9,35,39,09:35:39,-108,Tahap-0
11/18/2025,9,35,39,09:35:39,176,Tahap-0
11/18/2025,9,35,39,09:35:39,-220,Tahap-0
11/18/2025,9,35,39,09:35:39,120,Tahap-0
11/18/2025,9,35,39,09:35:39,-144,Tahap-0
11/18/2025,9,35,39,09:35:39,220,Tahap-0
11/18/2025,9,35,39,09:35:39,-108,Tahap-0
11/18/2025,9,35,39,09:35:39,160,Tahap-0
11/18/2025,9,35,39,09:35:39,-76,Tahap-0
11/18/2025,9,35,39,09:35:39,48,Tahap-0
11/18/2025,9,35,39,09:35:39,-60,Tahap-0
11/18/2025,9,35,39,09:35:39,264,Tahap-0
11/18/2025,9,35,39,09:35:39,-148,Tahap-0
11/18/2025,9,35,40,09:35:40,208,Tahap-0
11/18/2025,9,36,4,09:36:04,4593,Tahap-0
11/18/2025,9,36,4,09:36:04,1340,Tahap-0
11/18/2025,9,36,4,09:36:04,1540,Tahap-0
11/18/2025,9,36,4,09:36:04,2450,Tahap-0
11/18/2025,9,36,4,09:36:04,600,Tahap-0
11/18/2025,9,36,5,09:36:05,435,Tahap-0
11/18/2025,9,36,5,09:36:05,221,Tahap-0
11/18/2025,9,36,5,09:36:05,267,Tahap-0
11/18/2025,9,36,5,09:36:05,88,Tahap-0
11/18/2025,9,36,5,09:36:05,154,Tahap-0
11/18/2025,9,36,5,09:36:05,81,Tahap-0
11/18/2025,9,36,5,09:36:05,146,Tahap-0
11/18/2025,9,36,5,09:36:05,175,Tahap-0
11/18/2025,9,36,5,09:36:05,101,Tahap-0
11/18/2025,9,36,5,09:36:05,65,Tahap-0
11/18/2025,9,36,6,09:36:06,7,Tahap-0
11/18/2025,9,36,6,09:36:06,127,Tahap-0
11/18/2025,9,36,6,09:36:06,103,Tahap-0
11/18/2025,9,36,6,09:36:06,96,Tahap-0
11/18/2025,9,36,6,09:36:06,137,Tahap-0
11/18/2025,9,36,6,09:36:06,42,Tahap-0
11/18/2025,9,36,6,09:36:06,87,Tahap-0
11/18/2025,9,36,6,09:36:06,174,Tahap-0
11/18/2025,9,36,6,09:36:06,4,Tahap-0
11/18/2025,9,36,6,09:36:06,141,Tahap-0
11/18/2025,9,36,7,09:36:07,60,Tahap-0
11/18/2025,9,36,7,09:36:07,56,Tahap-0
11/18/2025,9,36,7,09:36:07,41,Tahap-0
11/18/2025,9,36,7,09:36:07,92,Tahap-0
11/18/2025,9,36,7,09:36:07,92,Tahap-0
11/18/2025,9,36,7,09:36:07,195,Tahap-0
11/18/2025,9,36,7,09:36:07,105,Tahap-0
11/18/2025,9,36,7,09:36:07,115,Tahap-0
11/18/2025,9,36,7,09:36:07,39,Tahap-0
11/18/2025,9,36,7,09:36:07,107,Tahap-0
11/18/2025,9,36,8,09:36:08,53,Tahap-0
11/18/2025,9,36,9,09:36:09,68,Tahap-0
11/18/2025,9,36,9,09:36:09,11,Tahap-0
11/18/2025,9,36,9,09:36:09,158,Tahap-0
11/18/2025,9,36,9,09:36:09,96,Tahap-0
11/18/2025,9,36,9,09:36:09,268,Tahap-0
11/18/2025,9,36,9,09:36:09,385,Tahap-0
11/18/2025,9,36,9,09:36:09,125,Tahap-0
11/18/2025,9,36,9,09:36:09,179,Tahap-0
11/18/2025,9,36,9,09:36:09,138,Tahap-0
11/18/2025,9,36,9,09:36:09,174,Tahap-0
11/18/2025,9,36,9,09:36:09,99,Tahap-0
11/18/2025,9,36,9,09:36:09,88,Tahap-0
11/18/2025,9,36,9,09:36:09,241,Tahap-0
11/18/2025,9,36,9,09:36:09,790,Tahap-0
11/18/2025,9,36,9,09:36:09,625,Tahap-0
11/18/2025,9,36,9,09:36:09,189,Tahap-0
11/18/2025,9,36,9,09:36:09,245,Tahap-0
11/18/2025,9,36,9,09:36:09,141,Tahap-0
11/18/2025,9,36,9,09:36:09,186,Tahap-0
11/18/2025,9,36,10,09:36:10,61,Tahap-0
11/18/2025,9,36,10,09:36:10,60,Tahap-0
11/18/2025,9,36,10,09:36:10,85,Tahap-0
11/18/2025,9,36,10,09:36:10,47,Tahap-0
11/18/2025,9,36,10,09:36:10,84,Tahap-0
11/18/2025,9,36,10,09:36:10,23,Tahap-0
11/18/2025,9,36,10,09:36:10,119,Tahap-0
11/18/2025,9,36,10,09:36:10,123,Tahap-0
11/18/2025,9,36,10,09:36:10,65,Tahap-0
11/18/2025,9,36,10,09:36:10,163,Tahap-0
11/18/2025,9,36,11,09:36:11,175,Tahap-0
11/18/2025,9,36,11,09:36:11,117,Tahap-0
11/18/2025,9,36,11,09:36:11,184,Tahap-0
11/18/2025,9,36,11,09:36:11,127,Tahap-0
11/18/2025,9,36,11,09:36:11,103,Tahap-0
11/18/2025,9,36,11,09:36:11,47,Tahap-0
11/18/2025,9,36,11,09:36:11,77,Tahap-0
11/18/2025,9,36,11,09:36:11,222,Tahap-0
11/18/2025,9,36,11,09:36:11,55,Tahap-0
11/18/2025,9,36,11,09:36:11,198,Tahap-0
11/18/2025,9,36,12,09:36:12,875,Tahap-0
11/18/2025,9,36,12,09:36:12,426,Tahap-0
11/18/2025,9,36,12,09:36:12,571,Tahap-0
11/18/2025,9,36,12,09:36:12,255,Tahap-0
11/18/2025,9,36,12,09:36:12,189,Tahap-0
11/18/2025,9,36,12,09:36:12,62,Tahap-0
11/18/2025,9,36,12,09:36:12,125,Tahap-0
11/18/2025,9,36,12,09:36:12,562,Tahap-0
11/18/2025,9,36,12,09:36:12,114,Tahap-0
11/18/2025,9,36,12,09:36:12,37,Tahap-0
11/18/2025,9,36,13,09:36:13,89,Tahap-0
11/18/2025,9,36,13,09:36:13,91,Tahap-0
11/18/2025,9,36,13,09:36:13,123,Tahap-0
11/18/2025,9,36,13,09:36:13,130,Tahap-0
11/18/2025,9,36,13,09:36:13,68,Tahap-0
11/18/2025,9,36,13,09:36:13,72,Tahap-0
11/18/2025,9,36,13,09:36:13,13,Tahap-0
11/18/2025,9,36,13,09:36:13,82,Tahap-0
11/18/2025,9,36,13,09:36:13,52,Tahap-0
11/18/2025,9,36,13,09:36:13,136,Tahap-0
11/18/2025,9,36,14,09:36:14,169,Tahap-0
11/18/2025,9,36,14,09:36:14,102,Tahap-0
11/18/2025,9,36,14,09:36:14,123,Tahap-0
11/18/2025,9,36,14,09:36:14,241,Tahap-0
11/18/2025,9,36,14,09:36:14,147,Tahap-0
11/18/2025,9,36,14,09:36:14,970,Tahap-0
11/18/2025,9,36,14,09:36:14,499,Tahap-0
11/18/2025,9,36,14,09:36:14,413,Tahap-0
11/18/2025,9,36,14,09:36:14,333,Tahap-0
11/18/2025,9,36,14,09:36:14,185,Tahap-0
11/18/2025,9,36,15,09:36:15,117,Tahap-0
11/18/2025,9,36,15,09:36:15,127,Tahap-0
11/18/2025,9,36,15,09:36:15,559,Tahap-0
11/18/2025,9,36,15,09:36:15,196,Tahap-0
11/18/2025,9,36,15,09:36:15,177,Tahap-0
11/18/2025,9,36,15,09:36:15,103,Tahap-0
11/18/2025,9,36,15,09:36:15,257,Tahap-0
11/18/2025,9,36,15,09:36:15,449,Tahap-0
11/18/2025,9,36,15,09:36:15,438,Tahap-0
11/18/2025,9,36,15,09:36:15,344,Tahap-0
11/18/2025,9,36,16,09:36:16,413,Tahap-0
11/18/2025,9,36,16,09:36:16,226,Tahap-0
11/18/2025,9,36,16,09:36:16,543,Tahap-0
11/18/2025,9,36,16,09:36:16,612,Tahap-0
11/18/2025,9,36,16,09:36:16,426,Tahap-0
11/18/2025,9,36,16,09:36:16,437,Tahap-0
11/18/2025,9,36,16,09:36:16,484,Tahap-0
11/18/2025,9,36,16,09:36:16,431,Tahap-0
11/18/2025,9,36,16,09:36:16,979,Tahap-0
11/18/2025,9,36,16,09:36:16,2273,Tahap-0
11/18/2025,9,36,16,09:36:16,1967,Tahap-0
11/18/2025,9,36,17,09:36:17,760,Tahap-0
11/18/2025,9,36,17,09:36:17,-164,Tahap-0
11/18/2025,9,36,17,09:36:17,-60,Tahap-0
11/18/2025,9,36,17,09:36:17,-180,Tahap-0
11/18/2025,9,36,17,09:36:17,-4,Tahap-0
11/18/2025,9,36,17,09:36:17,-172,Tahap-0
11/18/2025,9,36,17,09:36:17,-52,Tahap-0
11/18/2025,9,36,17,09:36:17,-200,Tahap-0
11/18/2025,9,36,17,09:36:17,-204,Tahap-0
11/18/2025,9,36,17,09:36:17,-92,Tahap-0
11/18/2025,9,36,18,09:36:18,-80,Tahap-0
11/18/2025,9,36,18,09:36:18,-196,Tahap-0
11/18/2025,9,36,18,09:36:18,-124,Tahap-0
11/18/2025,9,36,18,09:36:18,-276,Tahap-0
11/18/2025,9,36,18,09:36:18,-164,Tahap-0
11/18/2025,9,36,18,09:36:18,-196,Tahap-0
11/18/2025,9,36,18,09:36:18,-148,Tahap-0
11/18/2025,9,36,18,09:36:18,-264,Tahap-0
11/18/2025,9,36,18,09:36:18,-300,Tahap-0
11/18/2025,9,36,18,09:36:18,-96,Tahap-0
11/18/2025,9,36,19,09:36:19,-252,Tahap-0
11/18/2025,9,36,19,09:36:19,-248,Tahap-0
11/18/2025,9,36,19,09:36:19,-236,Tahap-0
11/18/2025,9,36,19,09:36:19,-208,Tahap-0
11/18/2025,9,36,19,09:36:19,-220,Tahap-0
11/18/2025,9,36,19,09:36:19,-172,Tahap-0
11/18/2025,9,36,19,09:36:19,-200,Tahap-0
11/18/2025,9,36,19,09:36:19,-184,Tahap-0
11/18/2025,9,36,19,09:36:19,-256,Tahap-0
11/18/2025,9,36,19,09:36:19,-116,Tahap-0
11/18/2025,9,36,20,09:36:20,-132,Tahap-0
11/18/2025,9,36,20,09:36:20,-180,Tahap-0
11/18/2025,9,36,20,09:36:20,-216,Tahap-0
11/18/2025,9,36,20,09:36:20,-168,Tahap-0
11/18/2025,9,36,20,09:36:20,-160,Tahap-0
11/18/2025,9,36,20,09:36:20,-36,Tahap-0
11/18/2025,9,36,20,09:36:20,-112,Tahap-0
11/18/2025,9,36,20,09:36:20,-76,Tahap-0
11/18/2025,9,36,20,09:36:20,-152,Tahap-0
11/18/2025,9,36,20,09:36:20,-136,Tahap-0
11/18/2025,9,36,21,09:36:21,4,Tahap-0
11/18/2025,9,36,21,09:36:21,-80,Tahap-0
11/18/2025,9,36,21,09:36:21,-8,Tahap-0
11/18/2025,9,36,21,09:36:21,-124,Tahap-0
11/18/2025,9,36,21,09:36:21,-28,Tahap-0
11/18/2025,9,36,21,09:36:21,-92,Tahap-0
11/18/2025,9,36,21,09:36:21,-12,Tahap-0
11/18/2025,9,36,21,09:36:21,-48,Tahap-0
11/18/2025,9,36,21,09:36:21,-88,Tahap-0
11/18/2025,9,36,21,09:36:21,-144,Tahap-0
11/18/2025,9,36,22,09:36:22,156,Tahap-0
11/18/2025,9,36,22,09:36:22,-204,Tahap-0
11/18/2025,9,36,22,09:36:22,48,Tahap-0
11/18/2025,9,36,22,09:36:22,-172,Tahap-0
11/18/2025,9,36,22,09:36:22,64,Tahap-0
11/18/2025,9,36,22,09:36:22,-124,Tahap-0
11/18/2025,9,36,22,09:36:22,96,Tahap-0
11/18/2025,9,36,22,09:36:22,-96,Tahap-0
11/18/2025,9,36,22,09:36:22,-12,Tahap-0
11/18/2025,9,36,22,09:36:22,-144,Tahap-0
11/18/2025,9,36,23,09:36:23,144,Tahap-0
11/18/2025,9,36,23,09:36:23,-148,Tahap-0
11/18/2025,9,36,23,09:36:23,20,Tahap-0
11/18/2025,9,36,23,09:36:23,-224,Tahap-0
11/18/2025,9,36,23,09:36:23,36,Tahap-0
11/18/2025,9,36,23,09:36:23,-84,Tahap-0
11/18/2025,9,36,23,09:36:23,36,Tahap-0
11/18/2025,9,36,23,09:36:23,-96,Tahap-0
11/18/2025,9,36,23,09:36:23,-4,Tahap-0
11/18/2025,9,36,23,09:36:23,-196,Tahap-0
11/18/2025,9,36,24,09:36:24,60,Tahap-0
11/18/2025,9,36,24,09:36:24,-148,Tahap-0
11/18/2025,9,36,24,09:36:24,24,Tahap-0
11/18/2025,9,36,24,09:36:24,-168,Tahap-0
11/18/2025,9,36,24,09:36:24,16,Tahap-0
11/18/2025,9,36,24,09:36:24,-88,Tahap-0
11/18/2025,9,36,24,09:36:24,-28,Tahap-0
11/18/2025,9,36,24,09:36:24,-100,Tahap-0
11/18/2025,9,36,24,09:36:24,16,Tahap-0
11/18/2025,9,36,24,09:36:24,-184,Tahap-0
11/18/2025,9,36,25,09:36:25,116,Tahap-0
11/18/2025,9,36,25,09:36:25,-108,Tahap-0
11/18/2025,9,36,25,09:36:25,-76,Tahap-0
11/18/2025,9,36,25,09:36:25,-112,Tahap-0
11/18/2025,9,36,25,09:36:25,-76,Tahap-0
11/18/2025,9,36,25,09:36:25,20,Tahap-0
11/18/2025,9,36,25,09:36:25,-96,Tahap-0
11/18/2025,9,36,25,09:36:25,48,Tahap-0
11/18/2025,9,36,25,09:36:25,-124,Tahap-0
11/18/2025,9,36,25,09:36:25,-136,Tahap-0
11/18/2025,9,36,26,09:36:26,36,Tahap-0
11/18/2025,9,36,26,09:36:26,40,Tahap-0
11/18/2025,9,36,26,09:36:26,-88,Tahap-0
11/18/2025,9,36,26,09:36:26,-12,Tahap-0
11/18/2025,9,36,26,09:36:26,-200,Tahap-0
11/18/2025,9,36,26,09:36:26,84,Tahap-0
11/18/2025,9,36,26,09:36:26,-136,Tahap-0
11/18/2025,9,36,26,09:36:26,120,Tahap-0
11/18/2025,9,36,26,09:36:26,-96,Tahap-0
11/18/2025,9,36,26,09:36:26,4,Tahap-0
11/18/2025,9,36,27,09:36:27,-8,Tahap-0
11/18/2025,9,36,27,09:36:27,60,Tahap-0
11/18/2025,9,36,27,09:36:27,-88,Tahap-0
11/18/2025,9,36,27,09:36:27,124,Tahap-0
11/18/2025,9,36,27,09:36:27,-84,Tahap-0
11/18/2025,9,36,27,09:36:27,184,Tahap-0
11/18/2025,9,36,27,09:36:27,-80,Tahap-0
11/18/2025,9,36,27,09:36:27,204,Tahap-0
11/18/2025,9,36,27,09:36:27,-60,Tahap-0
11/18/2025,9,36,27,09:36:27,124,Tahap-0
11/18/2025,9,36,28,09:36:28,16,Tahap-0
11/18/2025,9,36,28,09:36:28,268,Tahap-0
11/18/2025,9,36,28,09:36:28,-104,Tahap-0
11/18/2025,9,36,28,09:36:28,196,Tahap-0
11/18/2025,9,36,28,09:36:28,-36,Tahap-0
11/18/2025,9,36,28,09:36:28,312,Tahap-0
11/18/2025,9,36,28,09:36:28,32,Tahap-0
11/18/2025,9,36,28,09:36:28,252,Tahap-0
11/18/2025,9,36,28,09:36:28,84,Tahap-0
11/18/2025,9,36,28,09:36:28,100,Tahap-0
11/18/2025,9,36,29,09:36:29,136,Tahap-0
11/18/2025,9,36,29,09:36:29,340,Tahap-0
11/18/2025,9,36,29,09:36:29,24,Tahap-0
11/18/2025,9,36,29,09:36:29,236,Tahap-0
11/18/2025,9,36,29,09:36:29,64,Tahap-0
11/18/2025,9,36,29,09:36:29,228,Tahap-0
11/18/2025,9,36,29,09:36:29,156,Tahap-0
11/18/2025,9,36,29,09:36:29,264,Tahap-0
11/18/2025,9,36,29,09:36:29,192,Tahap-0
11/18/2025,9,36,29,09:36:29,76,Tahap-0
11/18/2025,9,36,54,09:36:54,5364,Tahap-0
11/18/2025,9,36,54,09:36:54,2068,Tahap-0
11/18/2025,9,36,54,09:36:54,938,Tahap-0
11/18/2025,9,36,54,09:36:54,1016,Tahap-0
11/18/2025,9,36,54,09:36:54,928,Tahap-0
11/18/2025,9,36,54,09:36:54,671,Tahap-0
11/18/2025,9,36,55,09:36:55,679,Tahap-0
11/18/2025,9,36,55,09:36:55,649,Tahap-0
11/18/2025,9,36,55,09:36:55,607,Tahap-0
11/18/2025,9,36,55,09:36:55,442,Tahap-0
11/18/2025,9,36,55,09:36:55,383,Tahap-0
11/18/2025,9,36,55,09:36:55,484,Tahap-0
11/18/2025,9,36,55,09:36:55,334,Tahap-0
11/18/2025,9,36,55,09:36:55,520,Tahap-0
11/18/2025,9,36,55,09:36:55,439,Tahap-0
11/18/2025,9,36,55,09:36:55,232,Tahap-0
11/18/2025,9,36,56,09:36:56,313,Tahap-0
11/18/2025,9,36,56,09:36:56,278,Tahap-0
11/18/2025,9,36,56,09:36:56,248,Tahap-0
11/18/2025,9,36,56,09:36:56,259,Tahap-0
11/18/2025,9,36,56,09:36:56,141,Tahap-0
11/18/2025,9,36,56,09:36:56,158,Tahap-0
11/18/2025,9,36,56,09:36:56,311,Tahap-0
11/18/2025,9,36,56,09:36:56,114,Tahap-0
11/18/2025,9,36,56,09:36:56,198,Tahap-0
11/18/2025,9,36,56,09:36:56,158,Tahap-0
11/18/2025,9,36,57,09:36:57,279,Tahap-0
11/18/2025,9,36,57,09:36:57,148,Tahap-0
11/18/2025,9,36,57,09:36:57,89,Tahap-0
11/18/2025,9,36,57,09:36:57,212,Tahap-0
11/18/2025,9,36,57,09:36:57,194,Tahap-0
11/18/2025,9,36,57,09:36:57,219,Tahap-0
11/18/2025,9,36,57,09:36:57,167,Tahap-0
11/18/2025,9,36,57,09:36:57,41,Tahap-0
11/18/2025,9,36,57,09:36:57,127,Tahap-0
11/18/2025,9,36,57,09:36:57,147,Tahap-0
11/18/2025,9,36,58,09:36:58,111,Tahap-0
11/18/2025,9,36,58,09:36:58,18,Tahap-0
11/18/2025,9,36,58,09:36:58,184,Tahap-0
11/18/2025,9,36,58,09:36:58,259,Tahap-0
11/18/2025,9,36,58,09:36:58,284,Tahap-0
11/18/2025,9,36,58,09:36:58,448,Tahap-0
11/18/2025,9,36,58,09:36:58,72,Tahap-0
11/18/2025,9,36,58,09:36:58,124,Tahap-0
11/18/2025,9,36,58,09:36:58,108,Tahap-0
11/18/2025,9,36,58,09:36:58,113,Tahap-0
11/18/2025,9,36,59,09:36:59,33,Tahap-0
11/18/2025,9,36,59,09:36:59,124,Tahap-0
11/18/2025,9,36,59,09:36:59,215,Tahap-0
11/18/2025,9,36,59,09:36:59,645,Tahap-0
11/18/2025,9,36,59,09:36:59,762,Tahap-0
11/18/2025,9,36,59,09:36:59,297,Tahap-0
11/18/2025,9,36,59,09:36:59,64,Tahap-0
11/18/2025,9,36,59,09:36:59,74,Tahap-0
11/18/2025,9,36,59,09:36:59,166,Tahap-0
11/18/2025,9,36,59,09:36:59,179,Tahap-0
11/18/2025,9,37,1,09:37:01,213,Tahap-0
11/18/2025,9,37,1,09:37:01,80,Tahap-0
11/18/2025,9,37,1,09:37:01,26,Tahap-0
11/18/2025,9,37,1,09:37:01,64,Tahap-0
11/18/2025,9,37,1,09:37:01,120,Tahap-0
11/18/2025,9,37,1,09:37:01,77,Tahap-0
11/18/2025,9,37,1,09:37:01,126,Tahap-0
11/18/2025,9,37,1,09:37:01,88,Tahap-0
11/18/2025,9,37,1,09:37:01,330,Tahap-0
11/18/2025,9,37,1,09:37:01,764,Tahap-0
11/18/2025,9,37,2,09:37:02,289,Tahap-0
11/18/2025,9,37,2,09:37:02,158,Tahap-0
11/18/2025,9,37,2,09:37:02,309,Tahap-0
11/18/2025,9,37,2,09:37:02,275,Tahap-0
11/18/2025,9,37,2,09:37:02,113,Tahap-0
11/18/2025,9,37,2,09:37:02,163,Tahap-0
11/18/2025,9,37,2,09:37:02,644,Tahap-0
11/18/2025,9,37,2,09:37:02,140,Tahap-0
11/18/2025,9,37,2,09:37:02,72,Tahap-0
11/18/2025,9,37,2,09:37:02,86,Tahap-0
11/18/2025,9,37,3,09:37:03,185,Tahap-0
11/18/2025,9,37,3,09:37:03,76,Tahap-0
11/18/2025,9,37,3,09:37:03,107,Tahap-0
11/18/2025,9,37,3,09:37:03,111,Tahap-0
11/18/2025,9,37,3,09:37:03,110,Tahap-0
11/18/2025,9,37,3,09:37:03,132,Tahap-0
11/18/2025,9,37,3,09:37:03,62,Tahap-0
11/18/2025,9,37,3,09:37:03,121,Tahap-0
11/18/2025,9,37,3,09:37:03,263,Tahap-0
11/18/2025,9,37,3,09:37:03,283,Tahap-0
11/18/2025,9,37,4,09:37:04,142,Tahap-0
11/18/2025,9,37,4,09:37:04,98,Tahap-0
11/18/2025,9,37,4,09:37:04,70,Tahap-0
11/18/2025,9,37,4,09:37:04,121,Tahap-0
11/18/2025,9,37,4,09:37:04,1064,Tahap-0
11/18/2025,9,37,4,09:37:04,167,Tahap-0
11/18/2025,9,37,4,09:37:04,284,Tahap-0
11/18/2025,9,37,4,09:37:04,26,Tahap-0
11/18/2025,9,37,4,09:37:04,186,Tahap-0
11/18/2025,9,37,4,09:37:04,122,Tahap-0
11/18/2025,9,37,5,09:37:05,90,Tahap-0
11/18/2025,9,37,5,09:37:05,304,Tahap-0
11/18/2025,9,37,5,09:37:05,150,Tahap-0
11/18/2025,9,37,5,09:37:05,181,Tahap-0
11/18/2025,9,37,5,09:37:05,363,Tahap-0
11/18/2025,9,37,5,09:37:05,290,Tahap-0
11/18/2025,9,37,5,09:37:05,302,Tahap-0
11/18/2025,9,37,5,09:37:05,324,Tahap-0
11/18/2025,9,37,5,09:37:05,508,Tahap-0
11/18/2025,9,37,5,09:37:05,383,Tahap-0
11/18/2025,9,37,6,09:37:06,450,Tahap-0
11/18/2025,9,37,6,09:37:06,333,Tahap-0
11/18/2025,9,37,6,09:37:06,212,Tahap-0
11/18/2025,9,37,6,09:37:06,580,Tahap-0
11/18/2025,9,37,6,09:37:06,683,Tahap-0
11/18/2025,9,37,6,09:37:06,551,Tahap-0
11/18/2025,9,37,6,09:37:06,560,Tahap-0
11/18/2025,9,37,6,09:37:06,726,Tahap-0
11/18/2025,9,37,6,09:37:06,2299,Tahap-0
11/18/2025,9,37,6,09:37:06,2701,Tahap-0
11/18/2025,9,37,7,09:37:07,226,Tahap-0
11/18/2025,9,37,7,09:37:07,-144,Tahap-0
11/18/2025,9,37,7,09:37:07,-76,Tahap-0
11/18/2025,9,37,7,09:37:07,-132,Tahap-0
11/18/2025,9,37,7,09:37:07,-88,Tahap-0
11/18/2025,9,37,7,09:37:07,-140,Tahap-0
11/18/2025,9,37,7,09:37:07,-88,Tahap-0
11/18/2025,9,37,7,09:37:07,-60,Tahap-0
11/18/2025,9,37,7,09:37:07,-180,Tahap-0
11/18/2025,9,37,7,09:37:07,-64,Tahap-0
11/18/2025,9,37,8,09:37:08,-40,Tahap-0
11/18/2025,9,37,9,09:37:09,-220,Tahap-0
11/18/2025,9,37,9,09:37:09,-108,Tahap-0
11/18/2025,9,37,9,09:37:09,-136,Tahap-0
11/18/2025,9,37,9,09:37:09,-56,Tahap-0
11/18/2025,9,37,9,09:37:09,-156,Tahap-0
11/18/2025,9,37,9,09:37:09,-64,Tahap-0
11/18/2025,9,37,9,09:37:09,-160,Tahap-0
11/18/2025,9,37,9,09:37:09,-140,Tahap-0
11/18/2025,9,37,9,09:37:09,-144,Tahap-0
11/18/2025,9,37,9,09:37:09,60,Tahap-0
11/18/2025,9,37,9,09:37:09,-208,Tahap-0
11/18/2025,9,37,9,09:37:09,-24,Tahap-0
11/18/2025,9,37,9,09:37:09,-292,Tahap-0
11/18/2025,9,37,9,09:37:09,-12,Tahap-0
11/18/2025,9,37,9,09:37:09,-192,Tahap-0
11/18/2025,9,37,9,09:37:09,24,Tahap-0
11/18/2025,9,37,9,09:37:09,-216,Tahap-0
11/18/2025,9,37,9,09:37:09,-272,Tahap-0
11/18/2025,9,37,10,09:37:10,60,Tahap-0
11/18/2025,9,37,10,09:37:10,-224,Tahap-0
11/18/2025,9,37,10,09:37:10,4,Tahap-0
11/18/2025,9,37,10,09:37:10,-228,Tahap-0
11/18/2025,9,37,10,09:37:10,-8,Tahap-0
11/18/2025,9,37,10,09:37:10,-204,Tahap-0
11/18/2025,9,37,10,09:37:10,-28,Tahap-0
11/18/2025,9,37,10,09:37:10,-136,Tahap-0
11/18/2025,9,37,10,09:37:10,-32,Tahap-0
11/18/2025,9,37,10,09:37:10,-264,Tahap-0
11/18/2025,9,37,11,09:37:11,116,Tahap-0
11/18/2025,9,37,11,09:37:11,-228,Tahap-0
11/18/2025,9,37,11,09:37:11,-48,Tahap-0
11/18/2025,9,37,11,09:37:11,-212,Tahap-0
11/18/2025,9,37,11,09:37:11,8,Tahap-0
11/18/2025,9,37,11,09:37:11,-144,Tahap-0
11/18/2025,9,37,11,09:37:11,-28,Tahap-0
11/18/2025,9,37,11,09:37:11,-152,Tahap-0
11/18/2025,9,37,11,09:37:11,-104,Tahap-0
11/18/2025,9,37,11,09:37:11,-316,Tahap-0
11/18/2025,9,37,12,09:37:12,40,Tahap-0
11/18/2025,9,37,12,09:37:12,-192,Tahap-0
11/18/2025,9,37,12,09:37:12,-68,Tahap-0
11/18/2025,9,37,12,09:37:12,-200,Tahap-0
11/18/2025,9,37,12,09:37:12,-160,Tahap-0
11/18/2025,9,37,12,09:37:12,-56,Tahap-0
11/18/2025,9,37,12,09:37:12,-120,Tahap-0
11/18/2025,9,37,12,09:37:12,-80,Tahap-0
11/18/2025,9,37,12,09:37:12,-236,Tahap-0
11/18/2025,9,37,12,09:37:12,-128,Tahap-0
11/18/2025,9,37,12,09:37:12,-196,Tahap-0
11/18/2025,9,37,13,09:37:13,-32,Tahap-0
11/18/2025,9,37,13,09:37:13,-288,Tahap-0
11/18/2025,9,37,13,09:37:13,-20,Tahap-0
11/18/2025,9,37,13,09:37:13,-288,Tahap-0
11/18/2025,9,37,13,09:37:13,-4,Tahap-0
11/18/2025,9,37,13,09:37:13,-264,Tahap-0
11/18/2025,9,37,13,09:37:13,32,Tahap-0
11/18/2025,9,37,13,09:37:13,-224,Tahap-0
11/18/2025,9,37,13,09:37:13,8,Tahap-0
11/18/2025,9,37,13,09:37:13,-288,Tahap-0
11/18/2025,9,37,14,09:37:14,104,Tahap-0
11/18/2025,9,37,14,09:37:14,-356,Tahap-0
11/18/2025,9,37,14,09:37:14,16,Tahap-0
11/18/2025,9,37,14,09:37:14,-272,Tahap-0
11/18/2025,9,37,14,09:37:14,96,Tahap-0
11/18/2025,9,37,14,09:37:14,-212,Tahap-0
11/18/2025,9,37,14,09:37:14,48,Tahap-0
11/18/2025,9,37,14,09:37:14,-228,Tahap-0
11/18/2025,9,37,14,09:37:14,-48,Tahap-0
11/18/2025,9,37,14,09:37:14,-256,Tahap-0
11/18/2025,9,37,15,09:37:15,160,Tahap-0
11/18/2025,9,37,15,09:37:15,-260,Tahap-0
11/18/2025,9,41,4,09:41:04,2034,Tahap-0
11/18/2025,9,41,4,09:41:04,945,Tahap-0
11/18/2025,9,41,4,09:41:04,815,Tahap-0
11/18/2025,9,41,4,09:41:04,500,Tahap-0
11/18/2025,9,41,4,09:41:04,435,Tahap-0
11/18/2025,9,41,4,09:41:04,321,Tahap-0
11/18/2025,9,41,4,09:41:04,378,Tahap-0
11/18/2025,9,41,4,09:41:04,288,Tahap-0
11/18/2025,9,41,4,09:41:04,467,Tahap-0
11/18/2025,9,41,4,09:41:04,72,Tahap-0
11/18/2025,9,41,5,09:41:05,51,Tahap-0
11/18/2025,9,41,5,09:41:05,132,Tahap-0
11/18/2025,9,41,5,09:41:05,273,Tahap-0
11/18/2025,9,41,5,09:41:05,482,Tahap-0
11/18/2025,9,41,5,09:41:05,441,Tahap-0
11/18/2025,9,41,5,09:41:05,726,Tahap-0
11/18/2025,9,41,5,09:41:05,117,Tahap-0
11/18/2025,9,41,5,09:41:05,158,Tahap-0
11/18/2025,9,41,5,09:41:05,115,Tahap-0
11/18/2025,9,41,5,09:41:05,181,Tahap-0
11/18/2025,9,41,6,09:41:06,146,Tahap-0
11/18/2025,9,41,6,09:41:06,128,Tahap-0
11/18/2025,9,41,6,09:41:06,103,Tahap-0
11/18/2025,9,41,6,09:41:06,85,Tahap-0
11/18/2025,9,41,6,09:41:06,135,Tahap-0
11/18/2025,9,41,6,09:41:06,37,Tahap-0
11/18/2025,9,41,6,09:41:06,179,Tahap-0
11/18/2025,9,41,6,09:41:06,13,Tahap-0
11/18/2025,9,41,6,09:41:06,155,Tahap-0
11/18/2025,9,41,6,09:41:06,305,Tahap-0
11/18/2025,9,41,7,09:41:07,116,Tahap-0
11/18/2025,9,41,7,09:41:07,165,Tahap-0
11/18/2025,9,41,7,09:41:07,130,Tahap-0
11/18/2025,9,41,7,09:41:07,91,Tahap-0
11/18/2025,9,41,7,09:41:07,25,Tahap-0
11/18/2025,9,41,7,09:41:07,38,Tahap-0
11/18/2025,9,41,7,09:41:07,99,Tahap-0
11/18/2025,9,41,7,09:41:07,169,Tahap-0
11/18/2025,9,41,7,09:41:07,155,Tahap-0
11/18/2025,9,41,7,09:41:07,55,Tahap-0
11/18/2025,9,41,8,09:41:08,254,Tahap-0
11/18/2025,9,41,9,09:41:09,652,Tahap-0
11/18/2025,9,41,9,09:41:09,264,Tahap-0
11/18/2025,9,41,9,09:41:09,347,Tahap-0
11/18/2025,9,41,9,09:41:09,151,Tahap-0
11/18/2025,9,41,9,09:41:09,204,Tahap-0
11/18/2025,9,41,9,09:41:09,259,Tahap-0
11/18/2025,9,41,9,09:41:09,266,Tahap-0
11/18/2025,9,41,9,09:41:09,391,Tahap-0
11/18/2025,9,41,9,09:41:09,417,Tahap-0
11/18/2025,9,41,9,09:41:09,599,Tahap-0
11/18/2025,9,41,9,09:41:09,147,Tahap-0
11/18/2025,9,41,9,09:41:09,218,Tahap-0
11/18/2025,9,41,9,09:41:09,200,Tahap-0
11/18/2025,9,41,9,09:41:09,154,Tahap-0
11/18/2025,9,41,9,09:41:09,226,Tahap-0
11/18/2025,9,41,9,09:41:09,63,Tahap-0
11/18/2025,9,41,9,09:41:09,25,Tahap-0
11/18/2025,9,41,9,09:41:09,94,Tahap-0
11/18/2025,9,41,9,09:41:09,195,Tahap-0
11/18/2025,9,41,10,09:41:10,106,Tahap-0
11/18/2025,9,41,10,09:41:10,184,Tahap-0
11/18/2025,9,41,10,09:41:10,41,Tahap-0
11/18/2025,9,41,10,09:41:10,63,Tahap-0
11/18/2025,9,41,10,09:41:10,201,Tahap-0
11/18/2025,9,41,10,09:41:10,233,Tahap-0
11/18/2025,9,41,10,09:41:10,209,Tahap-0
11/18/2025,9,41,10,09:41:10,100,Tahap-0
11/18/2025,9,41,10,09:41:10,143,Tahap-0
11/18/2025,9,41,10,09:41:10,125,Tahap-0
11/18/2025,9,41,11,09:41:11,99,Tahap-0
11/18/2025,9,41,11,09:41:11,181,Tahap-0
11/18/2025,9,41,11,09:41:11,329,Tahap-0
11/18/2025,9,41,11,09:41:11,182,Tahap-0
11/18/2025,9,41,11,09:41:11,74,Tahap-0
11/18/2025,9,41,11,09:41:11,775,Tahap-0
11/18/2025,9,41,11,09:41:11,136,Tahap-0
11/18/2025,9,41,11,09:41:11,413,Tahap-0
11/18/2025,9,41,11,09:41:11,251,Tahap-0
11/18/2025,9,41,11,09:41:11,252,Tahap-0
11/18/2025,9,41,12,09:41:12,141,Tahap-0
11/18/2025,9,41,12,09:41:12,102,Tahap-0
11/18/2025,9,41,12,09:41:12,411,Tahap-0
11/18/2025,9,41,12,09:41:12,344,Tahap-0
11/18/2025,9,41,12,09:41:12,90,Tahap-0
11/18/2025,9,41,12,09:41:12,67,Tahap-0
11/18/2025,9,41,12,09:41:12,39,Tahap-0
11/18/2025,9,41,12,09:41:12,198,Tahap-0
11/18/2025,9,41,12,09:41:12,346,Tahap-0
11/18/2025,9,41,12,09:41:12,241,Tahap-0
11/18/2025,9,41,13,09:41:13,112,Tahap-0
11/18/2025,9,41,13,09:41:13,78,Tahap-0
11/18/2025,9,41,13,09:41:13,82,Tahap-0
11/18/2025,9,41,13,09:41:13,156,Tahap-0
11/18/2025,9,41,13,09:41:13,419,Tahap-0
11/18/2025,9,41,13,09:41:13,277,Tahap-0
11/18/2025,9,41,13,09:41:13,84,Tahap-0
11/18/2025,9,41,13,09:41:13,83,Tahap-0
11/18/2025,9,41,13,09:41:13,51,Tahap-0
11/18/2025,9,41,13,09:41:13,600,Tahap-0
11/18/2025,9,41,14,09:41:14,590,Tahap-0
11/18/2025,9,41,14,09:41:14,194,Tahap-0
11/18/2025,9,41,14,09:41:14,321,Tahap-0
11/18/2025,9,41,14,09:41:14,170,Tahap-0
11/18/2025,9,41,14,09:41:14,117,Tahap-0
11/18/2025,9,41,14,09:41:14,167,Tahap-0
11/18/2025,9,41,14,09:41:14,180,Tahap-0
11/18/2025,9,41,14,09:41:14,185,Tahap-0
11/18/2025,9,41,14,09:41:14,426,Tahap-0
11/18/2025,9,41,14,09:41:14,235,Tahap-0
11/18/2025,9,41,15,09:41:15,260,Tahap-0
11/18/2025,9,41,15,09:41:15,408,Tahap-0
11/18/2025,9,41,15,09:41:15,112,Tahap-0
11/18/2025,9,41,15,09:41:15,541,Tahap-0
11/18/2025,9,41,15,09:41:15,681,Tahap-0
11/18/2025,9,41,15,09:41:15,477,Tahap-0
11/18/2025,9,41,15,09:41:15,570,Tahap-0
11/18/2025,9,41,15,09:41:15,260,Tahap-0
11/18/2025,9,41,15,09:41:15,605,Tahap-0
11/18/2025,9,41,15,09:41:15,563,Tahap-0
11/18/2025,9,41,16,09:41:16,266,Tahap-0
11/18/2025,9,41,16,09:41:16,958,Tahap-0
11/18/2025,9,41,16,09:41:16,1072,Tahap-0
11/18/2025,9,41,16,09:41:16,1030,Tahap-0
11/18/2025,9,41,16,09:41:16,1976,Tahap-0
11/18/2025,9,41,16,09:41:16,2025,Tahap-0
11/18/2025,9,41,16,09:41:16,266,Tahap-0
11/18/2025,9,41,16,09:41:16,-72,Tahap-0
11/18/2025,9,41,16,09:41:16,136,Tahap-0
11/18/2025,9,41,16,09:41:16,-24,Tahap-0
11/18/2025,9,41,17,09:41:17,212,Tahap-0
11/18/2025,9,41,17,09:41:17,44,Tahap-0
11/18/2025,9,41,17,09:41:17,64,Tahap-0
11/18/2025,9,41,17,09:41:17,72,Tahap-0
11/18/2025,9,41,17,09:41:17,80,Tahap-0
11/18/2025,9,41,17,09:41:17,48,Tahap-0
11/18/2025,9,41,17,09:41:17,228,Tahap-0
11/18/2025,9,41,17,09:41:17,-8,Tahap-0
11/18/2025,9,41,17,09:41:17,40,Tahap-0
11/18/2025,9,41,17,09:41:17,-44,Tahap-0
11/18/2025,9,41,18,09:41:18,144,Tahap-0
11/18/2025,9,41,18,09:41:18,56,Tahap-0
11/18/2025,9,41,18,09:41:18,48,Tahap-0
11/18/2025,9,41,18,09:41:18,84,Tahap-0
11/18/2025,9,41,18,09:41:18,-60,Tahap-0
11/18/2025,9,41,18,09:41:18,28,Tahap-0
11/18/2025,9,41,18,09:41:18,196,Tahap-0
11/18/2025,9,41,18,09:41:18,8,Tahap-0
11/18/2025,9,41,18,09:41:18,44,Tahap-0
11/18/2025,9,41,19,09:41:19,28,Tahap-0
11/18/2025,9,41,19,09:41:19,32,Tahap-0
11/18/2025,9,41,19,09:41:19,36,Tahap-0
11/18/2025,9,41,19,09:41:19,88,Tahap-0
11/18/2025,9,41,19,09:41:19,-52,Tahap-0
11/18/2025,9,41,19,09:41:19,-12,Tahap-0
11/18/2025,9,41,19,09:41:19,64,Tahap-0
11/18/2025,9,41,19,09:41:19,-88,Tahap-0
11/18/2025,9,41,19,09:41:19,-16,Tahap-0
11/18/2025,9,41,19,09:41:19,-8,Tahap-0
11/18/2025,9,41,20,09:41:20,-24,Tahap-0
11/18/2025,9,41,20,09:41:20,-12,Tahap-0
11/18/2025,9,41,20,09:41:20,52,Tahap-0
11/18/2025,9,41,20,09:41:20,-36,Tahap-0
11/18/2025,9,41,20,09:41:20,-44,Tahap-0
11/18/2025,9,41,20,09:41:20,12,Tahap-0
11/18/2025,9,41,20,09:41:20,32,Tahap-0
11/18/2025,9,41,20,09:41:20,24,Tahap-0
11/18/2025,9,41,20,09:41:20,-84,Tahap-0
11/18/2025,9,41,20,09:41:20,-16,Tahap-0
11/18/2025,9,41,20,09:41:20,-48,Tahap-0
11/18/2025,9,41,21,09:41:21,88,Tahap-0
11/18/2025,9,41,21,09:41:21,-52,Tahap-0
11/18/2025,9,41,21,09:41:21,28,Tahap-0
11/18/2025,9,41,21,09:41:21,-68,Tahap-0
11/18/2025,9,41,21,09:41:21,-152,Tahap-0
11/18/2025,9,41,21,09:41:21,52,Tahap-0
11/18/2025,9,41,21,09:41:21,16,Tahap-0
11/18/2025,9,41,21,09:41:21,-96,Tahap-0
11/18/2025,9,41,21,09:41:21,4,Tahap-0
11/18/2025,9,41,22,09:41:22,-60,Tahap-0
11/18/2025,9,41,22,09:41:22,-36,Tahap-0
11/18/2025,9,41,22,09:41:22,-68,Tahap-0
11/18/2025,9,41,22,09:41:22,20,Tahap-0
11/18/2025,9,41,22,09:41:22,-104,Tahap-0
11/18/2025,9,41,22,09:41:22,-92,Tahap-0
11/18/2025,9,41,22,09:41:22,-4,Tahap-0
11/18/2025,9,41,22,09:41:22,-108,Tahap-0
11/18/2025,9,41,22,09:41:22,-20,Tahap-0
11/18/2025,9,41,22,09:41:22,-20,Tahap-0
11/18/2025,9,41,23,09:41:23,-52,Tahap-0
11/18/2025,9,41,23,09:41:23,-24,Tahap-0
11/18/2025,9,41,23,09:41:23,-104,Tahap-0
11/18/2025,9,41,23,09:41:23,-68,Tahap-0
11/18/2025,9,41,23,09:41:23,88,Tahap-0
11/18/2025,9,41,23,09:41:23,-68,Tahap-0
11/18/2025,9,41,23,09:41:23,-56,Tahap-0
11/18/2025,9,41,23,09:41:23,-72,Tahap-0
11/18/2025,9,41,24,09:41:24,-8,Tahap-0
11/18/2025,9,41,24,09:41:24,4,Tahap-0
11/18/2025,9,41,24,09:41:24,16,Tahap-0
11/18/2025,9,41,24,09:41:24,-80,Tahap-0
11/18/2025,9,41,24,09:41:24,24,Tahap-0
11/18/2025,9,41,24,09:41:24,-196,Tahap-0
11/18/2025,9,41,24,09:41:24,208,Tahap-0
11/18/2025,9,41,24,09:41:24,-172,Tahap-0
11/18/2025,9,41,24,09:41:24,16,Tahap-0
11/18/2025,9,41,24,09:41:24,-100,Tahap-0
11/18/2025,9,41,25,09:41:25,-24,Tahap-0
11/18/2025,9,41,25,09:41:25,-136,Tahap-0
11/18/2025,9,41,25,09:41:25,-60,Tahap-0
11/18/2025,9,41,25,09:41:25,-148,Tahap-0
11/18/2025,9,41,25,09:41:25,-132,Tahap-0
11/18/2025,9,41,25,09:41:25,56,Tahap-0
11/18/2025,9,41,25,09:41:25,-208,Tahap-0
11/18/2025,9,41,25,09:41:25,-44,Tahap-0
11/18/2025,9,41,25,09:41:25,-180,Tahap-0
11/18/2025,9,41,25,09:41:25,4,Tahap-0
11/18/2025,9,41,26,09:41:26,-156,Tahap-0
11/18/2025,9,41,26,09:41:26,52,Tahap-0
11/18/2025,9,41,26,09:41:26,-56,Tahap-0
11/18/2025,9,41,26,09:41:26,-108,Tahap-0
11/18/2025,9,41,26,09:41:26,-44,Tahap-0
11/18/2025,9,41,26,09:41:26,8,Tahap-0
11/18/2025,9,41,26,09:41:26,-32,Tahap-0
11/18/2025,9,41,26,09:41:26,-128,Tahap-0
11/18/2025,9,41,26,09:41:26,-108,Tahap-0
11/18/2025,9,41,26,09:41:26,4,Tahap-0
11/18/2025,9,41,27,09:41:27,-208,Tahap-0
11/18/2025,9,41,27,09:41:27,-24,Tahap-0
11/18/2025,9,41,27,09:41:27,-152,Tahap-0
11/18/2025,9,41,27,09:41:27,-100,Tahap-0
11/18/2025,9,41,27,09:41:27,-144,Tahap-0
11/18/2025,9,41,27,09:41:27,-152,Tahap-0
11/18/2025,9,41,27,09:41:27,-152,Tahap-0
11/18/2025,9,41,27,09:41:27,-204,Tahap-0
11/18/2025,9,41,27,09:41:27,-116,Tahap-0
11/18/2025,9,41,27,09:41:27,-84,Tahap-0
11/18/2025,9,41,28,09:41:28,-76,Tahap-0
11/18/2025,9,41,28,09:41:28,-164,Tahap-0
11/18/2025,9,41,28,09:41:28,-72,Tahap-0
11/18/2025,9,41,28,09:41:28,-144,Tahap-0
11/18/2025,9,41,28,09:41:28,-12,Tahap-0
11/18/2025,9,41,28,09:41:28,-172,Tahap-0
11/18/2025,9,41,28,09:41:28,-92,Tahap-0
11/18/2025,9,41,28,09:41:28,-164,Tahap-0
11/18/2025,9,41,28,09:41:28,-232,Tahap-0
11/18/2025,9,41,28,09:41:28,-96,Tahap-0
11/18/2025,9,41,29,09:41:29,-96,Tahap-0
11/18/2025,9,41,29,09:41:29,-236,Tahap-0
11/18/2025,9,41,29,09:41:29,-88,Tahap-0
11/18/2025,9,41,29,09:41:29,-236,Tahap-0
11/18/2025,9,41,29,09:41:29,-88,Tahap-0
11/18/2025,9,41,53,09:41:53,6136,Tahap-0
11/18/2025,9,41,54,09:41:54,3312,Tahap-0
11/18/2025,9,41,54,09:41:54,1784,Tahap-0
11/18/2025,9,41,54,09:41:54,1128,Tahap-0
11/18/2025,9,41,54,09:41:54,1271,Tahap-0
11/18/2025,9,41,54,09:41:54,1029,Tahap-0
11/18/2025,9,41,54,09:41:54,940,Tahap-0
11/18/2025,9,41,54,09:41:54,864,Tahap-0
11/18/2025,9,41,54,09:41:54,832,Tahap-0
11/18/2025,9,41,54,09:41:54,596,Tahap-0
11/18/2025,9,41,54,09:41:54,643,Tahap-0
11/18/2025,9,41,55,09:41:55,404,Tahap-0
11/18/2025,9,41,55,09:41:55,379,Tahap-0
11/18/2025,9,41,55,09:41:55,526,Tahap-0
11/18/2025,9,41,55,09:41:55,327,Tahap-0
11/18/2025,9,41,55,09:41:55,269,Tahap-0
11/18/2025,9,41,55,09:41:55,278,Tahap-0
11/18/2025,9,41,55,09:41:55,269,Tahap-0
11/18/2025,9,41,55,09:41:55,238,Tahap-0
11/18/2025,9,41,55,09:41:55,138,Tahap-0
11/18/2025,9,41,55,09:41:55,292,Tahap-0
11/18/2025,9,41,56,09:41:56,278,Tahap-0
11/18/2025,9,41,56,09:41:56,290,Tahap-0
11/18/2025,9,41,56,09:41:56,171,Tahap-0
11/18/2025,9,41,56,09:41:56,249,Tahap-0
11/18/2025,9,41,56,09:41:56,281,Tahap-0
11/18/2025,9,41,56,09:41:56,306,Tahap-0
11/18/2025,9,41,56,09:41:56,194,Tahap-0
11/18/2025,9,41,56,09:41:56,199,Tahap-0
11/18/2025,9,41,56,09:41:56,285,Tahap-0
11/18/2025,9,41,56,09:41:56,185,Tahap-0
11/18/2025,9,41,57,09:41:57,206,Tahap-0
11/18/2025,9,41,57,09:41:57,161,Tahap-0
11/18/2025,9,41,57,09:41:57,182,Tahap-0
11/18/2025,9,41,57,09:41:57,167,Tahap-0
11/18/2025,9,41,57,09:41:57,198,Tahap-0
11/18/2025,9,41,57,09:41:57,103,Tahap-0
11/18/2025,9,41,57,09:41:57,142,Tahap-0
11/18/2025,9,41,57,09:41:57,66,Tahap-0
11/18/2025,9,41,57,09:41:57,76,Tahap-0
11/18/2025,9,41,57,09:41:57,287,Tahap-0
11/18/2025,9,41,58,09:41:58,583,Tahap-0
11/18/2025,9,41,58,09:41:58,284,Tahap-0
11/18/2025,9,41,58,09:41:58,148,Tahap-0
11/18/2025,9,41,58,09:41:58,114,Tahap-0
11/18/2025,9,41,58,09:41:58,95,Tahap-0
11/18/2025,9,41,58,09:41:58,142,Tahap-0
11/18/2025,9,41,58,09:41:58,113,Tahap-0
11/18/2025,9,41,58,09:41:58,239,Tahap-0
11/18/2025,9,41,58,09:41:58,428,Tahap-0
11/18/2025,9,41,58,09:41:58,46,Tahap-0
11/18/2025,9,41,59,09:41:59,733,Tahap-0
11/18/2025,9,41,59,09:41:59,340,Tahap-0
11/18/2025,9,41,59,09:41:59,277,Tahap-0
11/18/2025,9,41,59,09:41:59,209,Tahap-0
11/18/2025,9,41,59,09:41:59,258,Tahap-0
11/18/2025,9,41,59,09:41:59,298,Tahap-0
11/18/2025,9,41,59,09:41:59,157,Tahap-0
11/18/2025,9,41,59,09:41:59,210,Tahap-0
11/18/2025,9,41,59,09:41:59,106,Tahap-0
11/18/2025,9,41,59,09:41:59,137,Tahap-0
11/18/2025,9,42,1,09:42:01,128,Tahap-0
11/18/2025,9,42,1,09:42:01,218,Tahap-0
11/18/2025,9,42,1,09:42:01,441,Tahap-0
11/18/2025,9,42,1,09:42:01,243,Tahap-0
11/18/2025,9,42,1,09:42:01,759,Tahap-0
11/18/2025,9,42,1,09:42:01,516,Tahap-0
11/18/2025,9,42,1,09:42:01,437,Tahap-0
11/18/2025,9,42,1,09:42:01,97,Tahap-0
11/18/2025,9,42,1,09:42:01,179,Tahap-0
11/18/2025,9,42,1,09:42:01,421,Tahap-0
11/18/2025,9,42,2,09:42:02,110,Tahap-0
11/18/2025,9,42,2,09:42:02,631,Tahap-0
11/18/2025,9,42,2,09:42:02,133,Tahap-0
11/18/2025,9,42,2,09:42:02,273,Tahap-0
11/18/2025,9,42,2,09:42:02,79,Tahap-0
11/18/2025,9,42,2,09:42:02,217,Tahap-0
11/18/2025,9,42,2,09:42:02,205,Tahap-0
11/18/2025,9,42,2,09:42:02,135,Tahap-0
11/18/2025,9,42,2,09:42:02,151,Tahap-0
11/18/2025,9,42,2,09:42:02,176,Tahap-0
11/18/2025,9,42,3,09:42:03,72,Tahap-0
11/18/2025,9,42,3,09:42:03,252,Tahap-0
11/18/2025,9,42,3,09:42:03,105,Tahap-0
11/18/2025,9,42,3,09:42:03,196,Tahap-0
11/18/2025,9,42,3,09:42:03,109,Tahap-0
11/18/2025,9,42,3,09:42:03,334,Tahap-0
11/18/2025,9,42,3,09:42:03,185,Tahap-0
11/18/2025,9,42,3,09:42:03,342,Tahap-0
11/18/2025,9,42,3,09:42:03,287,Tahap-0
11/18/2025,9,42,3,09:42:03,673,Tahap-0
11/18/2025,9,42,4,09:42:04,214,Tahap-0
11/18/2025,9,42,4,09:42:04,286,Tahap-0
11/18/2025,9,42,4,09:42:04,179,Tahap-0
11/18/2025,9,42,4,09:42:04,160,Tahap-0
11/18/2025,9,42,4,09:42:04,327,Tahap-0
11/18/2025,9,42,4,09:42:04,237,Tahap-0
11/18/2025,9,42,4,09:42:04,405,Tahap-0
11/18/2025,9,42,4,09:42:04,108,Tahap-0
11/18/2025,9,42,4,09:42:04,134,Tahap-0
11/18/2025,9,42,4,09:42:04,181,Tahap-0
11/18/2025,9,42,5,09:42:05,215,Tahap-0
11/18/2025,9,42,5,09:42:05,231,Tahap-0
11/18/2025,9,42,5,09:42:05,357,Tahap-0
11/18/2025,9,42,5,09:42:05,208,Tahap-0
11/18/2025,9,42,5,09:42:05,647,Tahap-0
11/18/2025,9,42,5,09:42:05,444,Tahap-0
11/18/2025,9,42,5,09:42:05,1000,Tahap-0
11/18/2025,9,42,5,09:42:05,209,Tahap-0
11/18/2025,9,42,5,09:42:05,628,Tahap-0
11/18/2025,9,42,5,09:42:05,234,Tahap-0
11/18/2025,9,42,6,09:42:06,1079,Tahap-0
11/18/2025,9,42,6,09:42:06,937,Tahap-0
11/18/2025,9,42,6,09:42:06,678,Tahap-0
11/18/2025,9,42,6,09:42:06,3103,Tahap-0
11/18/2025,9,42,6,09:42:06,1015,Tahap-0
11/18/2025,9,42,6,09:42:06,1289,Tahap-0
11/18/2025,9,42,6,09:42:06,-116,Tahap-0
11/18/2025,9,42,6,09:42:06,104,Tahap-0
11/18/2025,9,42,6,09:42:06,-60,Tahap-0
11/18/2025,9,42,6,09:42:06,92,Tahap-0
11/18/2025,9,42,7,09:42:07,-28,Tahap-0
11/18/2025,9,42,7,09:42:07,120,Tahap-0
11/18/2025,9,42,7,09:42:07,8,Tahap-0
11/18/2025,9,42,7,09:42:07,52,Tahap-0
11/18/2025,9,42,7,09:42:07,-8,Tahap-0
11/18/2025,9,42,7,09:42:07,48,Tahap-0
11/18/2025,9,42,7,09:42:07,-8,Tahap-0
11/18/2025,9,42,7,09:42:07,20,Tahap-0
11/18/2025,9,42,7,09:42:07,20,Tahap-0
11/18/2025,9,42,7,09:42:07,36,Tahap-0
11/18/2025,9,42,8,09:42:08,112,Tahap-0
